4084085.053609,521328.784079,50.579476,0.000000,121.095000,-0.108000,-1.008000,0.002913,0.000000,0.000000,1.000000,
4084085.052913,521328.786992,50.596407,0.000000,121.095000,-0.108000,-1.008000,0.005494,0.000000,0.000000,1.000000,
4084085.051326,521328.781498,50.572182,0.000000,121.094000,-0.108000,-1.008000,0.001604,0.000000,0.000000,1.000000,
4084085.053966,521328.779893,50.573656,0.000000,121.094000,-0.108000,-1.008000,0.002460,0.000000,0.000000,1.000000,
4084085.052594,521328.782353,50.579824,0.000000,121.094000,-0.108000,-1.008000,0.000523,0.000000,0.000000,1.000000,
4084085.053618,521328.781830,50.579957,0.000000,121.094000,-0.108000,-1.008000,0.000041,0.000000,0.000000,1.000000,
4084085.052282,521328.781789,50.587735,0.000000,121.094000,-0.108000,-1.008000,0.000917,0.000000,0.000000,1.000000,
4084085.052825,521328.782705,50.596010,0.000000,121.095000,-0.108000,-1.008000,0.004834,0.000000,0.000000,1.000000,
4084085.054649,521328.777871,50.586734,0.000000,121.095000,-0.108000,-1.008000,0.000896,0.000000,0.000000,1.000000,
4084085.049173,521328.778767,50.581372,0.000000,121.095000,-0.108000,-1.008000,0.003825,0.000000,0.000000,1.000000,
4084085.052529,521328.782592,50.589741,0.000000,121.094935,-0.108000,-1.008000,0.001254,0.000000,0.000000,1.000000,
4084085.052036,521328.781338,50.591226,0.000000,121.094000,-0.108000,-1.008000,0.003728,0.000000,0.000000,1.000000,
4084085.055591,521328.777609,50.578313,0.000000,121.094000,-0.108000,-1.008000,0.003689,0.000000,0.000000,1.000000,
4084085.056229,521328.781298,50.584973,0.000000,121.094000,-0.108000,-1.008000,0.004413,0.000000,0.000000,1.000000,
4084085.051530,521328.785711,50.593082,0.000000,121.094000,-0.108000,-1.008000,0.002159,0.000000,0.000000,1.000000,
4084085.051711,521328.783552,50.597164,0.000000,121.094000,-0.108000,-1.008000,0.002865,0.000000,0.000000,1.000000,
4084085.042527,521328.786417,50.603414,0.000000,121.095000,-0.108000,-1.008000,0.007038,0.000000,0.000000,1.000000,
4084085.053553,521328.779379,50.579536,0.000000,121.095000,-0.108000,-1.008000,0.009277,0.000000,0.000000,1.000000,
4084085.048033,521328.788656,50.615744,0.000000,121.095000,-0.108000,-1.008000,0.004240,0.000000,0.000000,1.000000,
4084085.052599,521328.784416,50.598983,0.000000,121.095000,-0.108000,-1.008000,0.000154,0.000000,0.000000,1.000000,
4084085.049732,521328.784570,50.592808,0.000000,121.094937,-0.108000,-1.008000,0.002036,0.000000,0.000000,1.000000,
4084085.048693,521328.782534,50.608846,0.000000,121.094000,-0.108000,-1.008000,0.001636,0.000000,0.000000,1.000000,
4084085.050227,521328.784170,50.598311,0.000000,121.095000,-0.108000,-1.008000,0.011164,0.000000,0.000000,1.000000,
4084085.071736,521328.773006,50.539460,0.000000,121.094000,-0.108000,-1.008000,0.001618,0.000000,0.000000,1.000000,
4084085.065162,521328.774624,50.554223,0.000000,121.094000,-0.108000,-1.008000,0.003399,0.000000,0.000000,1.000000,
4084085.068080,521328.771225,50.538494,0.000000,121.094915,-0.108000,-1.008000,0.002463,0.000000,0.000000,1.000000,
4084085.069960,521328.768762,50.539812,0.000000,121.094000,-0.108000,-1.008000,0.001671,0.000000,0.000000,1.000000,
4084085.067483,521328.770433,50.544618,0.000000,121.095000,-0.108000,-1.008000,0.001056,0.000000,0.000000,1.000000,
4084085.066577,521328.771488,50.546495,0.000000,121.095000,-0.108000,-1.008000,0.000543,0.000000,0.000000,1.000000,
4084085.065469,521328.772031,50.547307,0.000000,121.095000,-0.108000,-1.008000,0.002179,-0.036791,0.000000,1.000000,
4084085.065239,521328.774210,50.549454,0.000000,121.095000,-0.108000,-1.008000,0.004792,-0.043301,0.000000,1.000000,
4084085.066536,521328.769418,50.545211,0.000000,121.095000,-0.108000,-1.008000,0.005753,-0.048049,0.000000,1.000000,
4084085.059715,521328.775170,50.557316,0.000000,121.095000,-0.108000,-1.008000,0.000836,-0.042586,0.000000,1.000000,
4084085.066764,521328.774334,50.556086,0.000000,121.094000,-0.108000,-1.008000,0.000001,0.072028,0.000000,1.000000,
4084085.067170,521328.774336,50.554544,0.000000,121.094000,-0.108000,-1.008000,0.000622,0.239850,0.000000,1.000000,
4084085.065539,521328.774958,50.551889,0.000000,121.094000,-0.108000,-1.008000,0.001731,0.309822,0.000000,1.000000,
4084085.069342,521328.773227,50.550314,0.000000,121.094000,-0.108000,-1.008000,0.000100,0.359915,0.000000,1.000000,
4084085.067323,521328.773327,50.553838,0.000000,121.094000,-0.108000,-1.008000,0.000454,0.388893,0.000000,1.000000,
4084085.068256,521328.773781,50.552429,0.000000,121.094000,-0.108000,-1.008000,0.002910,0.479172,0.000000,1.000000,
4084085.069063,521328.770871,50.549512,0.000000,121.095000,-0.108000,-1.008000,0.002156,0.527992,0.000000,1.000000,
4084085.067502,521328.773027,50.549933,0.000000,121.094000,-0.108000,-1.008000,0.001039,0.595172,0.000000,1.000000,
4084085.067767,521328.774065,50.553248,0.000000,121.094000,-0.108000,-1.008000,0.000676,0.666331,0.000000,1.000000,
4084085.068096,521328.773389,50.546644,0.000000,121.094000,-0.108000,-1.008000,0.001596,0.699958,0.000000,1.000000,
4084085.068769,521328.774985,50.552916,0.000000,121.094000,-0.108000,-1.008000,0.000919,0.730029,0.000000,1.000000,
4084085.067512,521328.775904,50.556427,0.000000,121.094000,-0.108000,-1.008000,0.002222,0.778098,0.000000,1.000000,
4084085.066816,521328.773683,50.551849,0.000000,121.094000,-0.108000,-1.008000,0.001098,0.848515,0.000000,1.000000,
4084085.063371,521328.774781,50.560941,0.000000,121.094000,-0.108000,-1.008000,0.000998,0.869051,0.000000,1.000000,
4084085.067388,521328.775778,50.554259,0.000000,121.094000,-0.108000,-1.008000,0.002185,0.895348,0.000000,1.000000,
4084085.071019,521328.773594,50.558077,0.000000,121.094000,-0.108000,-1.008000,0.001131,0.980721,0.000000,1.000000,
4084085.069416,521328.774725,50.560049,0.000000,121.094000,-0.108000,-1.008000,0.002713,1.051021,0.000000,1.000000,
4084085.066634,521328.772012,50.550586,0.000000,121.094000,-0.108000,-1.008000,0.003622,1.111552,0.000000,1.000000,
4084085.066256,521328.775634,50.557432,0.000000,121.094000,-0.108000,-1.008000,0.000483,1.124996,0.000000,1.000000,
4084085.068779,521328.776117,50.552407,0.000000,121.094000,-0.108000,-1.008000,0.001380,1.144333,0.000000,1.000000,
4084085.068242,521328.774737,50.551784,0.000000,121.094000,-0.108000,-1.008000,0.000549,1.146985,0.000000,1.000000,
4084085.065431,521328.774188,50.555695,0.000000,121.094000,-0.108000,-1.008000,0.000739,1.203834,0.000000,1.000000,
4084085.062728,521328.773449,50.560127,0.000000,121.094000,-0.108000,-1.008000,0.000333,1.389915,0.000000,1.000000,
4084085.060766,521328.773782,50.561577,0.000000,121.094000,-0.108000,-1.008000,0.002883,1.616839,0.000000,1.000000,
4084085.068278,521328.770899,50.544393,0.000000,121.094000,-0.108000,-1.008000,0.004862,1.842584,0.000000,1.000000,
4084085.067513,521328.775761,50.556758,0.000000,121.094000,-0.107043,-1.008000,0.000515,2.083389,0.000000,1.000000,
4084085.061677,521328.776276,50.564369,0.000000,121.094000,-0.108000,-1.008000,0.003998,2.368470,0.000000,1.000000,
4084085.060467,521328.772278,50.562470,0.000000,121.094000,-0.108000,-1.009000,0.000161,2.727955,0.000000,1.000000,
4084085.061313,521328.772116,50.565840,0.000000,121.089000,-0.107000,-1.009000,0.001263,3.110891,0.000000,1.000000,
4084085.062867,521328.773380,50.566439,0.000000,121.088000,-0.107000,-1.008000,0.005530,3.441152,0.000000,1.000000,
4084085.058816,521328.778910,50.552196,0.006710,121.086323,-0.106161,-1.006323,0.112157,3.517533,0.000000,1.000000,
4084084.993893,521328.891067,50.548950,0.118000,121.086000,-0.102000,-1.005522,0.168543,3.508440,0.000000,1.000000,
4084084.900594,521329.059609,50.558378,0.311521,121.087000,-0.099000,-1.006565,0.073394,3.695431,0.000000,1.000000,
4084084.843565,521329.133003,50.552147,0.402000,121.087968,-0.099258,-1.006742,0.049377,3.945676,0.000000,1.000000,
4084084.807944,521329.182379,50.568290,0.449000,121.085638,-0.099638,-1.008000,0.025053,4.235595,0.000000,1.000000,
4084084.795710,521329.207432,50.562183,0.488000,121.088000,-0.099064,-1.007064,0.095203,4.364731,0.000000,1.000000,
4084084.745023,521329.302634,50.580393,0.587516,121.084435,-0.098565,-1.007000,0.049308,4.576617,0.000000,1.000000,
4084084.720037,521329.351942,50.567538,0.638000,121.080383,-0.103128,-1.008000,0.068002,4.837655,0.000000,1.000000,
4084084.667381,521329.419944,50.566790,0.731638,121.083170,-0.112660,-1.009021,0.068784,5.162533,0.000000,1.000000,
4084084.628663,521329.488728,50.551471,0.819000,121.087984,-0.109397,-1.011397,0.033131,5.661540,0.000000,1.000000,
4084084.614753,521329.521859,50.543294,0.851000,121.085319,-0.105213,-1.008106,0.027495,6.240465,0.000000,1.000000,
4084084.590283,521329.549355,50.554501,0.831766,121.087596,-0.103000,-1.008404,0.050352,6.810447,0.000000,1.000000,
4084084.567708,521329.599707,50.542600,0.890000,121.096905,-0.101000,-1.005064,0.069749,7.356628,0.000000,1.000000,
4084084.525791,521329.669456,50.550539,0.977000,121.095681,-0.092340,-1.005000,0.015492,8.063239,0.000000,1.000000,
4084084.520050,521329.684948,50.544580,0.993000,121.094274,-0.087000,-1.004000,0.021389,8.800326,0.000000,1.000000,
4084084.505927,521329.706338,50.545811,0.969000,121.092238,-0.081413,-1.001794,0.083396,9.428449,0.000000,1.000000,
4084084.448596,521329.789733,50.563005,1.070383,121.090426,-0.097723,-1.008000,0.075573,10.090207,0.000000,1.000000,
4084084.401971,521329.865306,50.544751,1.166774,121.093290,-0.099097,-1.012000,0.065739,10.788783,0.000000,1.000000,
4084084.371779,521329.931045,50.543884,1.221000,121.095000,-0.094000,-1.012000,0.012774,11.621839,0.000000,1.000000,
4084084.350745,521329.943819,50.559125,1.253000,121.092000,-0.090000,-1.015804,0.010933,12.426535,0.000000,1.000000,
4084084.338799,521329.954753,50.545426,1.253000,121.094000,-0.090000,-1.016000,0.002133,13.268914,0.000000,1.000000,
4084084.337835,521329.952620,50.540706,1.253000,121.094687,-0.090134,-1.015277,0.054928,14.009356,0.000000,1.000000,
4084084.310271,521330.007548,50.542632,1.331826,121.095935,-0.091978,-1.013130,0.184284,14.459003,0.000000,1.000000,
4084084.209092,521330.191832,50.522630,1.560000,121.089500,-0.126000,-1.009000,0.231018,14.823073,1.000000,1.000000,
4084084.064715,521330.422851,50.496369,1.836340,121.096915,-0.129043,-1.008000,0.234415,15.218311,1.000000,1.000000,
4084083.930782,521330.657265,50.547334,2.099915,121.095766,-0.136255,-1.012298,0.241292,15.601001,1.000000,1.000000,
4084083.789160,521330.898557,50.518271,2.403000,121.101333,-0.127333,-1.011000,0.290899,15.887421,1.000000,1.000000,
4084083.616752,521331.189456,50.504738,2.737404,121.093191,-0.126383,-1.014043,0.355016,16.032293,1.000000,1.000000,
4084083.393848,521331.544472,50.517889,3.167660,121.099468,-0.122489,-1.009468,0.379710,16.162464,1.000000,1.000000,
4084083.170540,521331.924182,50.499339,3.619540,121.090159,-0.122476,-1.015683,0.340485,16.360912,1.000000,1.000000,
4084082.961652,521332.264667,50.524752,4.004191,121.087000,-0.115851,-1.011277,0.300693,16.706832,1.000000,1.000000,
4084082.779003,521332.565360,50.534561,4.354149,121.082830,-0.105277,-1.018617,0.327371,17.037804,1.000000,1.000000,
4084082.589559,521332.892731,50.504366,4.737524,121.083810,-0.102619,-1.010159,0.332047,17.329087,1.000000,1.000000,
4084082.397963,521333.224778,50.501712,5.122170,121.097000,-0.082660,-1.023340,0.348898,17.590786,1.000000,1.000000,
4084082.188272,521333.573676,50.510730,5.532742,121.088097,-0.107065,-1.019032,0.339570,17.821425,1.000000,1.000000,
4084081.976438,521333.913246,50.519241,5.930984,121.091565,-0.108435,-1.019306,0.316631,18.182621,1.000000,1.000000,
4084081.785667,521334.229877,50.521600,6.297739,121.079109,-0.114543,-1.026217,0.308345,18.514719,1.000000,1.000000,
4084081.596746,521334.538221,50.507971,6.670936,121.061575,-0.124766,-1.019425,0.396004,18.689598,1.000000,1.000000,
4084081.365398,521334.934226,50.533010,7.127596,121.068000,-0.092000,-1.015426,0.461769,18.715932,1.000000,1.000000,
4084081.082668,521335.395995,50.524775,7.679522,121.071196,-0.110891,-0.998217,0.563673,18.511964,1.000000,1.000000,
4084080.746690,521335.959668,50.524690,8.353984,121.088048,-0.114565,-0.995565,0.632997,18.167888,1.000000,1.000000,
4084080.359429,521336.592665,50.537861,9.099340,121.125213,-0.109915,-0.987213,0.668466,17.763467,1.000000,1.000000,
4084079.961029,521337.261131,50.549500,9.868871,121.138226,-0.093548,-1.000226,0.684580,17.368100,1.000000,1.000000,
4084079.543153,521337.945711,50.513007,10.685851,121.113936,-0.074915,-1.010043,0.736599,16.807120,1.000000,1.000000,
4084079.111350,521338.682310,50.513739,11.549213,121.111000,-0.092830,-1.018277,0.777681,16.164224,1.000000,1.000000,
4084078.646201,521339.459991,50.515224,12.457921,121.109048,-0.125317,-1.025635,0.793783,15.541363,1.000000,1.000000,
4084078.165521,521340.253774,50.517300,13.396540,121.094524,-0.113317,-1.011048,0.810190,14.869217,1.000000,1.000000,
4084077.670066,521341.063964,50.524292,14.341001,121.074532,-0.112468,-1.001489,0.826431,14.200333,1.000000,1.000000,
4084077.192779,521341.890395,50.525622,15.302984,121.079871,-0.100145,-1.003419,0.858121,13.432983,1.000000,1.000000,
4084076.664696,521342.748516,50.547761,16.298553,121.101660,-0.089660,-1.009447,0.825183,12.736694,1.000000,1.000000,
4084076.181114,521343.573700,50.535983,17.277001,121.085511,-0.089255,-1.015979,0.846096,12.013857,1.000000,1.000000,
4084075.664414,521344.419795,50.524756,18.266919,121.087000,-0.114823,-1.009000,0.849559,11.360581,1.000000,1.000000,
4084075.154621,521345.269354,50.524327,19.250652,121.087674,-0.114000,-1.008978,0.817881,10.876026,1.000000,1.000000,
4084074.664140,521346.087235,50.517220,20.212902,121.083000,-0.115016,-1.005032,0.823225,10.414705,1.000000,1.000000,
4084074.169258,521346.910461,50.520495,21.176391,121.106391,-0.097826,-1.007217,0.859205,9.905511,1.000000,1.000000,
4084073.658875,521347.769666,50.536213,22.186174,121.100478,-0.091826,-1.003522,0.864760,9.414829,1.000000,1.000000,
4084073.130989,521348.634425,50.524460,23.204787,121.089638,-0.099787,-1.005638,0.864219,8.967256,1.000000,1.000000,
4084072.621269,521349.498644,50.510657,24.208000,121.084000,-0.119681,-0.997511,0.854743,8.589506,1.000000,1.000000,
4084072.097049,521350.353387,50.499317,25.232826,121.113870,-0.118000,-0.995870,0.888327,8.180000,1.000000,1.000000,
4084071.560239,521351.241714,50.527857,26.252710,121.107323,-0.106323,-1.000839,0.873889,7.757156,1.000000,1.000000,
4084071.049043,521352.115603,50.500559,27.277489,121.087936,-0.103936,-1.003745,0.835149,7.389415,1.000000,1.000000,
4084070.526394,521352.950752,50.514718,28.264638,121.094277,-0.107000,-1.008638,0.817171,7.074360,1.000000,1.000000,
4084070.040372,521353.767922,50.413704,29.243000,121.081000,-0.119000,-1.011000,0.881983,6.620859,1.000000,1.000000,
4084069.489652,521354.649906,50.452094,30.280235,121.114298,-0.115298,-1.010404,0.910119,6.102889,1.000000,1.000000,
4084068.963233,521355.560024,50.448702,31.337476,121.101397,-0.115698,-1.006698,0.884726,5.641565,1.000000,1.000000,
4084068.426354,521356.444750,50.437671,32.374128,121.122532,-0.115532,-1.011234,0.899256,5.168018,1.000000,1.000000,
4084067.878001,521357.344007,50.444145,33.433491,121.098596,-0.096000,-1.011596,0.899480,4.678924,1.000000,1.000000,
4084067.347018,521358.243486,50.412813,34.468016,121.111857,-0.103746,-0.999873,0.898885,4.292810,1.000000,1.000000,
4084066.819629,521359.142371,50.479148,35.509000,121.101468,-0.131532,-1.000936,0.881088,4.003345,1.000000,1.000000,
4084066.284331,521360.023460,50.476662,36.548339,121.103065,-0.117468,-1.000823,0.890247,3.786524,1.000000,1.000000,
4084065.739519,521360.913707,50.491382,37.582478,121.093826,-0.097609,-1.007217,0.894423,3.686579,1.000000,1.000000,
4084065.206130,521361.808129,50.498892,38.634609,121.094609,-0.097609,-1.015174,0.882157,3.640023,1.000000,1.000000,
4084064.674469,521362.690286,50.483234,39.664628,121.072758,-0.103516,-1.009758,0.904045,3.563536,1.000000,1.000000,
4084064.129254,521363.594332,50.479379,40.730064,121.096766,-0.115383,-1.002149,0.896726,3.541530,1.000000,1.000000,
4084063.585272,521364.491057,50.440537,41.790984,121.121000,-0.106873,-1.008317,0.891076,3.518964,1.000000,1.000000,
4084063.041630,521365.382133,50.506013,42.805574,121.091894,-0.096106,-1.016660,0.881310,3.473950,1.000000,1.000000,
4084062.512650,521366.263443,50.491944,43.845191,121.096851,-0.089298,-1.015957,0.872660,3.424804,1.000000,1.000000,
4084061.995820,521367.136103,50.468821,44.872921,121.083000,-0.106635,-1.010000,0.918240,3.305029,1.000000,1.000000,
4084061.441381,521368.054344,50.467309,45.959000,121.106213,-0.113787,-1.005000,0.936118,3.254934,1.000000,1.000000,
4084060.873591,521368.990462,50.484147,47.055320,121.097255,-0.099000,-1.010000,0.943144,3.204037,1.000000,1.000000,
4084060.304665,521369.933605,50.502022,48.141426,121.077723,-0.100277,-1.006830,0.967223,3.115084,1.000000,1.000000,
4084059.725497,521370.900828,50.514633,49.288660,121.065894,-0.099979,-1.007064,0.990914,3.000464,1.000000,1.000000,
4084059.133662,521371.891743,50.498720,50.430914,121.138140,-0.112772,-1.019969,0.966923,2.885030,1.000000,1.000000,
4084058.547816,521372.858665,50.488910,51.569435,121.120217,-0.106174,-1.015826,0.954110,2.855227,1.000000,1.000000,
4084057.981343,521373.812775,50.480064,52.695957,121.105489,-0.103000,-1.005745,0.974802,2.799947,1.000000,1.000000,
4084057.391190,521374.787578,50.456691,53.836022,121.084000,-0.098362,-1.010745,0.997545,2.747253,1.000000,1.000000,
4084056.793310,521375.785122,50.471682,55.009435,121.106174,-0.095348,-1.009348,0.989965,2.676806,1.000000,1.000000,
4084056.196223,521376.775088,50.501916,56.159290,121.087452,-0.123774,-1.007226,0.976720,2.588740,1.000000,1.000000,
4084055.612034,521377.751809,50.491429,57.291565,121.120081,-0.114839,-1.006242,0.987438,2.544170,1.000000,1.000000,
4084055.019314,521378.739246,50.485016,58.455766,121.084000,-0.097787,-1.012596,0.984449,2.459129,1.000000,1.000000,
4084054.430034,521379.723694,50.464679,59.625222,121.080000,-0.105000,-1.012111,1.001864,2.296865,1.000000,1.000000,
4084053.832649,521380.725559,50.463199,60.784278,121.091000,-0.102979,-1.011362,0.991916,2.134201,1.000000,1.000000,
4084053.235123,521381.717474,50.457041,61.947000,121.107889,-0.099730,-1.010460,0.978418,2.067612,1.000000,1.000000,
4084052.639165,521382.695892,50.463575,63.084651,121.094619,-0.113000,-1.009000,0.953370,2.116723,1.000000,1.000000,
4084052.071612,521383.649263,50.446172,64.210810,121.103149,-0.128277,-1.011000,0.968557,2.110061,1.000000,1.000000,
4084051.485739,521384.617819,50.451231,65.356097,121.087903,-0.107710,-1.002710,1.008333,2.031020,1.000000,1.000000,
4084050.875194,521385.626153,50.482301,66.523830,121.094979,-0.117000,-1.006000,1.001522,1.986664,1.000000,1.000000,
4084050.264024,521386.627674,50.480030,67.699145,121.099290,-0.116710,-1.003871,1.015652,1.914720,1.000000,1.000000,
4084049.654202,521387.643328,50.484173,68.883678,121.106645,-0.118323,-1.023645,1.010941,1.838575,1.000000,1.000000,
4084049.056383,521388.654268,50.472140,70.062696,121.096522,-0.116261,-1.022522,1.000000,1.800752,1.000000,1.000000,
4084048.445855,521389.654268,50.461511,71.257319,121.069298,-0.105043,-1.012170,1.055904,1.643086,1.000000,1.000000,
4084047.804390,521390.710174,50.510619,72.463448,121.094362,-0.102638,-1.007319,1.049294,1.495160,1.000000,1.000000,
4084047.185632,521391.759466,50.510955,73.689681,121.102085,-0.105298,-1.000043,1.047023,1.386079,1.000000,1.000000,
4084046.552707,521392.806489,50.529662,74.903548,121.103194,-0.113000,-1.003645,1.034846,1.294272,1.000000,1.000000,
4084045.923202,521393.841336,50.575425,76.049704,121.070426,-0.092894,-1.014106,0.981904,1.283932,1.000000,1.000000,
4084045.341853,521394.823239,50.539018,77.206468,121.117043,-0.101043,-1.015574,0.923824,1.391422,1.000000,1.000000,
4084044.774145,521395.747063,50.552044,78.281170,121.106660,-0.095511,-1.013979,0.885984,1.558109,1.000000,1.000000,
4084044.239350,521396.633048,50.528087,79.323001,121.088745,-0.111383,-1.010383,0.890275,1.786065,1.000000,1.000000,
4084043.709390,521397.523321,50.507530,80.377571,121.107000,-0.103286,-1.011286,0.964019,1.844630,1.000000,1.000000,
4084043.126980,521398.487340,50.529620,81.500489,121.089319,-0.112064,-1.006255,1.010208,1.817432,1.000000,1.000000,
4084042.516353,521399.497549,50.544983,82.687214,121.070553,-0.101000,-1.010553,0.999395,1.840197,1.000000,1.000000,
4084041.915523,521400.496944,50.508270,83.868000,121.092000,-0.090000,-0.999000,1.017650,1.851514,1.000000,1.000000,
4084041.295651,521401.514594,50.525815,85.063234,121.084298,-0.101787,-1.000702,1.000531,1.856095,1.000000,1.000000,
4084040.701472,521402.515125,50.492739,86.241161,121.102532,-0.101306,-1.013694,1.055193,1.738427,1.000000,1.000000,
4084040.071513,521403.570319,50.549173,87.451840,121.099161,-0.091355,-1.015645,1.035118,1.668667,1.000000,1.000000,
4084039.453529,521404.605436,50.472465,88.689131,121.106087,-0.107435,-1.018000,1.077636,1.561451,1.000000,1.000000,
4084038.811342,521405.683072,50.540937,89.928129,121.111645,-0.114871,-1.017258,1.045265,1.469343,1.000000,1.000000,
4084038.181009,521406.728338,50.553022,91.136852,121.118447,-0.085787,-1.012766,1.010632,1.447109,1.000000,1.000000,
4084037.570660,521407.738969,50.555521,92.336000,121.077476,-0.111381,-1.000571,1.041979,1.354130,1.000000,1.000000,
4084036.942340,521408.780948,50.550420,93.539936,121.093000,-0.132383,-1.004000,1.009967,1.325534,1.000000,1.000000,
4084036.337617,521409.790916,50.507104,94.742001,121.096476,-0.095238,-0.999286,1.006314,1.301077,1.000000,1.000000,
4084035.738531,521410.797229,50.519572,95.926000,121.104984,-0.106921,-1.008016,1.003997,1.246133,1.000000,1.000000,
4084035.137758,521411.801226,50.528783,97.081064,121.106766,-0.118383,-1.020085,1.008264,1.172596,1.000000,1.000000,
4084034.525422,521412.809491,50.529758,98.231363,121.093170,-0.110915,-1.010915,1.045732,1.010881,1.000000,1.000000,
4084033.894946,521413.855222,50.549867,99.311000,121.119651,-0.121476,-1.001413,1.045727,0.871508,1.000000,1.000000,
4084033.261895,521414.900950,50.564911,100.489383,121.092553,-0.108298,-1.013404,1.038370,0.810338,1.000000,1.000000,
4084032.630665,521415.939320,50.567841,101.715618,121.097298,-0.103745,-0.999596,1.059207,0.729244,1.000000,1.000000,
4084031.988229,521416.998527,50.588604,102.935913,121.108000,-0.110652,-1.000435,1.060475,0.652639,1.000000,1.000000,
4084031.352806,521418.059002,50.555380,104.193638,121.116915,-0.107915,-1.007574,1.064650,0.562198,1.000000,1.000000,
4084030.710831,521419.123653,50.548893,105.442469,121.069000,-0.107597,-1.007871,1.071931,0.410628,1.000000,1.000000,
4084030.061256,521420.195583,50.548558,106.689000,121.093000,-0.123000,-1.022000,1.059719,0.312542,1.000000,1.000000,
4084029.425855,521421.255301,50.573112,107.891826,121.088957,-0.118609,-1.024000,1.068504,0.205141,1.000000,1.000000,
4084028.788961,521422.323805,50.555704,109.128532,121.107447,-0.085255,-1.000191,1.080920,0.107005,1.000000,1.000000,
4084028.134792,521423.404727,50.557689,110.409257,121.115128,-0.099064,-1.003298,1.081160,-0.004767,1.000000,1.000000,
4084027.487172,521424.485885,50.551117,111.670794,121.115651,-0.103794,-1.008905,1.062391,-0.161157,1.000000,1.000000,
4084026.851182,521425.548277,50.540647,112.917915,121.102830,-0.103660,-1.017340,1.073828,-0.432628,1.000000,1.000000,
4084026.201972,521426.622106,50.564323,114.122512,121.065808,-0.106000,-1.015532,1.065994,-0.736248,1.000000,1.000000,
4084025.569494,521427.688099,50.534193,115.321000,121.099921,-0.094079,-1.016079,1.090265,-1.058927,1.000000,1.000000,
4084024.907119,521428.778364,50.538150,116.600532,121.110809,-0.117213,-1.005638,1.050486,-1.178095,1.000000,1.000000,
4084024.277017,521429.828851,50.550949,117.783227,121.100548,-0.108645,-1.007097,1.050073,-1.239872,1.000000,1.000000,
4084023.654677,521430.878923,50.555236,119.000553,121.097298,-0.106021,-1.007319,1.054334,-1.343218,1.000000,1.000000,
4084023.007904,521431.933257,50.578268,120.249787,121.115277,-0.102191,-1.001915,1.055703,-1.416783,1.000000,1.000000,
4084022.375747,521432.988961,50.543011,121.467807,121.066774,-0.114419,-1.005226,1.038719,-1.486709,1.000000,1.000000,
4084021.759350,521434.027680,50.552503,122.681391,121.080224,-0.110543,-1.014842,1.038607,-1.507478,1.000000,1.000000,
4084021.132375,521435.066287,50.545437,123.921097,121.105806,-0.113806,-1.022903,1.025674,-1.493908,1.000000,1.000000,
4084020.507636,521436.091962,50.548676,125.113682,121.103043,-0.107468,-1.020000,1.050512,-1.470762,1.000000,1.000000,
4084019.874540,521437.142472,50.546307,126.340404,121.108277,-0.094064,-1.025000,1.008458,-1.411136,1.000000,1.000000,
4084019.256786,521438.150930,50.552011,127.519677,121.114000,-0.133032,-1.005258,1.022310,-1.414624,1.000000,1.000000,
4084018.647109,521439.173240,50.567156,128.706214,121.105340,-0.120894,-0.999936,1.003541,-1.361940,1.000000,1.000000,
4084018.046629,521440.176781,50.555822,129.886661,121.074979,-0.105149,-1.009894,1.006889,-1.362770,1.000000,1.000000,
4084017.446700,521441.183670,50.569755,131.039000,121.107000,-0.094000,-1.012032,0.986307,-1.300640,1.000000,1.000000,
4084016.849778,521442.169978,50.539962,132.223682,121.105085,-0.108085,-1.015830,0.961135,-1.196936,1.000000,1.000000,
4084016.264267,521443.131113,50.538030,133.356959,121.094234,-0.118979,-1.018766,0.964573,-1.102090,1.000000,1.000000,
4084015.697614,521444.095685,50.531139,134.465702,121.076894,-0.105000,-1.011106,0.976378,-0.964179,1.000000,1.000000,
4084015.105143,521445.072064,50.528702,135.622469,121.127000,-0.114000,-1.002617,0.983525,-0.821137,1.000000,1.000000,
4084014.513180,521446.055588,50.530610,136.784388,121.109161,-0.121000,-1.003452,1.007237,-0.707164,1.000000,1.000000,
4084013.912711,521447.062824,50.521775,137.949957,121.109128,-0.106000,-0.999128,1.035799,-0.663199,1.000000,1.000000,
4084013.288083,521448.098623,50.536897,139.168191,121.083277,-0.109426,-1.000574,1.028693,-0.625756,1.000000,1.000000,
4084012.671913,521449.127317,50.551889,140.350969,121.088097,-0.080032,-1.011871,1.027918,-0.584691,1.000000,1.000000,
4084012.044327,521450.155234,50.563597,141.513087,121.073348,-0.094304,-1.008652,0.992290,-0.444644,1.000000,1.000000,
4084011.454993,521451.147525,50.544540,142.676194,121.107000,-0.124516,-1.011452,0.965447,-0.250057,1.000000,1.000000,
4084010.875594,521452.112973,50.524816,143.802576,121.105106,-0.099106,-1.013830,0.980313,-0.097279,1.000000,1.000000,
4084010.282678,521453.093285,50.523986,144.962830,121.123021,-0.097574,-1.012702,1.016682,0.005312,1.000000,1.000000,
4084009.670861,521454.109967,50.558461,146.142839,121.099645,-0.099323,-1.011323,1.015702,0.093618,1.000000,1.000000,
4084009.061615,521455.125670,50.527698,147.338405,121.085042,-0.091000,-1.018021,0.986488,0.232301,1.000000,1.000000,
4084008.466854,521456.112157,50.536179,148.493857,121.071571,-0.117714,-1.009857,0.952362,0.453176,1.000000,1.000000,
4084007.893504,521457.064519,50.552835,149.591851,121.108106,-0.103766,-1.001000,0.942384,0.664346,1.000000,1.000000,
4084007.331179,521458.006904,50.529276,150.706044,121.103000,-0.093489,-1.010255,0.967577,0.846904,1.000000,1.000000,
4084006.737841,521458.974481,50.525801,151.840001,121.105857,-0.094286,-1.020571,1.017785,0.904241,1.000000,1.000000,
4084006.131979,521459.992264,50.549013,153.029106,121.096319,-0.109319,-1.055957,1.028162,0.951430,1.000000,1.000000,
4084005.516615,521461.020427,50.527446,154.239017,121.111000,-0.123919,-1.061145,1.005926,1.010571,1.000000,1.000000,
4084004.903184,521462.026354,50.531717,155.418683,121.125921,-0.104079,-1.037381,1.020191,1.037261,1.000000,1.000000,
4084004.291369,521463.046544,50.533882,156.607362,121.091170,-0.098085,-1.010170,1.006982,1.078129,1.000000,1.000000,
4084003.689679,521464.053526,50.523677,157.788298,121.080149,-0.126574,-1.008574,1.001252,1.123838,1.000000,1.000000,
4084003.077775,521465.054779,50.526231,158.958523,121.103696,-0.123000,-1.016696,1.029800,1.101053,1.000000,1.000000,
4084002.457960,521466.084578,50.523596,160.170617,121.112851,-0.109596,-1.016404,1.046533,1.036664,1.000000,1.000000,
4084001.826014,521467.131110,50.532350,161.388419,121.109323,-0.109903,-1.009581,1.031275,0.933280,1.000000,1.000000,
4084001.209655,521468.162387,50.535443,162.602893,121.103326,-0.087130,-1.006196,1.030499,0.855917,1.000000,1.000000,
4084000.588760,521469.192885,50.532751,163.812717,121.068000,-0.097000,-1.008739,1.017788,0.812639,1.000000,1.000000,
4083999.978041,521470.210673,50.515790,164.987000,121.107000,-0.117000,-1.005000,1.002982,0.833572,1.000000,1.000000,
4083999.374909,521471.213656,50.531652,166.173235,121.113511,-0.116596,-1.001191,1.028430,0.772867,1.000000,1.000000,
4083998.749662,521472.242085,50.537085,167.370000,121.126984,-0.101190,-0.997889,1.021977,0.711197,1.000000,1.000000,
4083998.137296,521473.264062,50.535494,168.559128,121.065702,-0.115532,-1.004468,1.015728,0.655740,1.000000,1.000000,
4083997.523878,521474.279791,50.543114,169.712491,121.088000,-0.113468,-1.008404,1.044935,0.561550,1.000000,1.000000,
4083996.890852,521475.324726,50.547139,170.920001,121.115746,-0.108381,-1.002476,1.064363,0.445642,1.000000,1.000000,
4083996.252631,521476.389088,50.561485,172.128043,121.106404,-0.106468,-0.992596,1.090078,0.282230,1.000000,1.000000,
4083995.601352,521477.479166,50.527344,173.366178,121.079887,-0.100355,-0.995935,1.056355,0.203158,1.000000,1.000000,
4083994.956493,521478.535521,50.551341,174.590533,121.114213,-0.099421,-1.014701,1.034354,0.165872,1.000000,1.000000,
4083994.335161,521479.569874,50.548079,175.808766,121.080213,-0.125702,-1.014404,1.032251,0.141459,1.000000,1.000000,
4083993.717200,521480.602127,50.531155,177.011759,121.080000,-0.107516,-1.013032,1.052697,0.050901,1.000000,1.000000,
4083993.096565,521481.654824,50.524862,178.248284,121.111109,-0.091370,-1.012152,1.065763,-0.078702,1.000000,1.000000,
4083992.461275,521482.720586,50.558133,179.489048,121.102806,-0.098758,-1.008339,1.044901,-0.144982,1.000000,1.000000,
4083991.816264,521483.765487,50.534646,180.728581,121.122645,-0.110581,-1.009000,1.055034,-0.202234,1.000000,1.000000,
4083991.193729,521484.820521,50.540722,181.898533,121.096298,-0.105000,-1.007851,1.038550,-0.229789,1.000000,1.000000,
4083990.563655,521485.859070,50.540961,183.132413,121.131457,-0.105848,-1.015065,1.049269,-0.303937,1.000000,1.000000,
4083989.928007,521486.908339,50.533004,184.345404,121.099787,-0.116362,-1.009362,1.051771,-0.436017,1.000000,1.000000,
4083989.303963,521487.960111,50.550243,185.579640,121.107528,-0.096813,-1.008226,1.029943,-0.568915,1.000000,1.000000,
4083988.686656,521488.990053,50.533109,186.781000,121.090540,-0.100540,-1.003381,1.027447,-0.691121,1.000000,1.000000,
4083988.065467,521490.017499,50.544631,187.987660,121.073000,-0.115979,-1.006000,1.042421,-0.796188,1.000000,1.000000,
4083987.449207,521491.059921,50.528310,189.221895,121.099128,-0.107043,-1.013319,1.053440,-0.932892,1.000000,1.000000,
4083986.810063,521492.113360,50.537021,190.441383,121.099702,-0.113872,-1.016957,1.016659,-1.000969,1.000000,1.000000,
4083986.191841,521493.130019,50.538389,191.636915,121.089000,-0.097511,-1.012234,1.011368,-1.065608,1.000000,1.000000,
4083985.594813,521494.141388,50.534654,192.814630,121.109968,-0.107677,-1.006968,1.016114,-1.153651,1.000000,1.000000,
4083984.985217,521495.157502,50.533190,193.996937,121.128383,-0.124383,-1.009383,1.009606,-1.231630,1.000000,1.000000,
4083984.383303,521496.167107,50.505973,195.188085,121.079979,-0.119979,-1.010553,1.011141,-1.325229,1.000000,1.000000,
4083983.766776,521497.178248,50.530054,196.359920,121.108758,-0.096161,-1.009597,0.978165,-1.367366,1.000000,1.000000,
4083983.187226,521498.156413,50.523912,197.505979,121.080304,-0.110413,-1.014239,0.950710,-1.417004,1.000000,1.000000,
4083982.612533,521499.107121,50.527366,198.622531,121.085839,-0.131581,-1.002258,0.961326,-1.485599,1.000000,1.000000,
4083982.027299,521500.068448,50.544402,199.748553,121.114957,-0.113362,-0.994979,0.988756,-1.538804,1.000000,1.000000,
4083981.433442,521501.057203,50.520707,200.916254,121.120468,-0.089022,-0.999362,1.020008,-1.619941,1.000000,1.000000,
4083980.820254,521502.077211,50.534374,202.104789,121.101210,-0.096952,-1.005629,1.009847,-1.701538,1.000000,1.000000,
4083980.209015,521503.087059,50.535412,203.287234,121.105000,-0.121851,-1.005851,1.021149,-1.855791,1.000000,1.000000,
4083979.590314,521504.108208,50.537601,204.488000,121.081095,-0.133286,-1.015619,1.011426,-1.989362,1.000000,1.000000,
4083978.984309,521505.119634,50.532838,205.666914,121.121468,-0.093425,-1.005021,1.019302,-2.096699,1.000000,1.000000,
4083978.370676,521506.138937,50.531768,206.874064,121.059106,-0.078426,-1.011957,1.029294,-2.177674,1.000000,1.000000,
4083977.753501,521507.168230,50.555943,208.070000,121.113333,-0.125667,-1.014000,1.009506,-2.208737,1.000000,1.000000,
4083977.148233,521508.177735,50.548025,209.248041,121.118000,-0.123234,-1.007489,0.997838,-2.238424,1.000000,1.000000,
4083976.542931,521509.175573,50.558939,210.421318,121.093128,-0.088043,-1.011957,1.002730,-2.258183,1.000000,1.000000,
4083975.940573,521510.178304,50.553619,211.591935,121.073022,-0.097000,-1.015000,1.012172,-2.293806,1.000000,1.000000,
4083975.330200,521511.190475,50.548349,212.773368,121.106022,-0.097957,-1.010913,1.022545,-2.362108,1.000000,1.000000,
4083974.724441,521512.213021,50.565620,213.972547,121.105355,-0.110097,-1.003645,1.036477,-2.442931,1.000000,1.000000,
4083974.094221,521513.249498,50.548727,215.189702,121.086894,-0.108000,-1.003106,1.043208,-2.560558,1.000000,1.000000,
4083973.470347,521514.292706,50.558053,216.415673,121.088196,-0.101000,-1.005804,1.036133,-2.639328,1.000000,1.000000,
4083972.846040,521515.328839,50.586591,217.612722,121.108511,-0.102830,-1.008340,1.033842,-2.733943,1.000000,1.000000,
4083972.215618,521516.362682,50.548301,218.831957,121.106106,-0.094489,-1.009255,1.037902,-2.818612,1.000000,1.000000,
4083971.599141,521517.400583,50.561748,220.048999,121.108571,-0.122714,-1.004571,1.019099,-2.889175,1.000000,1.000000,
4083970.971150,521518.419682,50.562819,221.231488,121.096128,-0.108872,-1.005681,0.984604,-2.899243,1.000000,1.000000,
4083970.374912,521519.404288,50.566945,222.394213,121.091723,-0.100170,-1.001362,0.965111,-2.866082,1.000000,1.000000,
4083969.806482,521520.369397,50.576433,223.504999,121.088000,-0.100000,-0.991000,0.961990,-2.803071,1.000000,1.000000,
4083969.214103,521521.331387,50.592667,224.646616,121.097702,-0.106702,-0.988702,0.942014,-2.668794,1.000000,1.000000,
4083968.650733,521522.273402,50.563681,225.751855,121.111468,-0.127081,-0.987532,0.959315,-2.643938,1.000000,1.000000,
4083968.093500,521523.232716,50.525244,226.862255,121.117468,-0.114532,-0.998000,0.937906,-2.580520,1.000000,1.000000,
4083967.529855,521524.170622,50.548424,227.962488,121.091596,-0.109128,-1.008936,0.937202,-2.514602,1.000000,1.000000,
4083966.961296,521525.107824,50.566156,229.053790,121.092871,-0.104435,-1.018226,0.939981,-2.428755,1.000000,1.000000,
4083966.399789,521526.047806,50.556672,230.153891,121.111630,-0.107543,-1.016370,0.898882,-2.279408,1.000000,1.000000,
4083965.862265,521526.946687,50.541083,231.205757,121.110823,-0.107823,-1.015645,0.867660,-2.075697,1.000000,1.000000,
4083965.342117,521527.814347,50.534722,232.214935,121.098000,-0.106085,-1.011851,0.820506,-1.805088,1.000000,1.000000,
4083964.833875,521528.634854,50.556988,233.173000,121.099010,-0.125362,-1.008703,0.823559,-1.545628,1.000000,1.000000,
4083964.340228,521529.458411,50.579640,234.137693,121.095484,-0.120242,-1.015726,0.906518,-1.440830,1.000000,1.000000,
4083963.801729,521530.364930,50.562211,235.207126,121.074383,-0.104617,-1.015234,0.955898,-1.405881,1.000000,1.000000,
4083963.226540,521531.320829,50.553021,236.336556,121.079000,-0.101746,-1.011127,0.909667,-1.271005,1.000000,1.000000,
4083962.672946,521532.230495,50.533893,237.401602,121.109762,-0.097825,-1.008000,0.866068,-0.999459,1.000000,1.000000,
4083962.153508,521533.096563,50.553571,238.406190,121.119255,-0.110000,-1.012298,0.873553,-0.763623,1.000000,1.000000,
4083961.631311,521533.970118,50.532302,239.447000,121.110745,-0.105596,-1.020702,0.886331,-0.599862,1.000000,1.000000,
4083961.096672,521534.856448,50.545815,240.474701,121.101000,-0.103213,-1.012787,0.913250,-0.423270,1.000000,1.000000,
4083960.542270,521535.769698,50.564595,241.545318,121.092426,-0.089000,-1.010830,0.897870,-0.254025,1.000000,1.000000,
4083960.007576,521536.667569,50.562394,242.592726,121.094935,-0.097532,-1.009258,0.909636,-0.141054,1.000000,1.000000,
4083959.462399,521537.577205,50.551709,243.661000,121.104043,-0.113021,-1.007915,0.951346,-0.082726,1.000000,1.000000,
4083958.883976,521538.528550,50.548815,244.792573,121.098958,-0.098000,-1.003404,0.956470,-0.003602,1.000000,1.000000,
4083958.304702,521539.485021,50.558400,245.888021,121.076745,-0.093872,-1.002128,0.924091,0.167748,1.000000,1.000000,
4083957.752959,521540.409112,50.538022,246.987935,121.092804,-0.111761,-1.012957,0.926368,0.340407,1.000000,1.000000,
4083957.198533,521541.335479,50.547716,248.064338,121.106307,-0.108323,-1.017323,0.923888,0.484968,1.000000,1.000000,
4083956.643710,521542.259367,50.552599,249.137467,121.095681,-0.107340,-1.014830,0.938463,0.574801,1.000000,1.000000,
4083956.087504,521543.197831,50.548213,250.247255,121.081936,-0.099404,-1.007000,0.934521,0.650816,1.000000,1.000000,
4083955.527271,521544.132351,50.529188,251.333209,121.096597,-0.108161,-1.013597,0.941865,0.721746,1.000000,1.000000,
4083954.953829,521545.074216,50.545115,252.441765,121.088809,-0.112213,-1.011000,0.915865,0.836328,1.000000,1.000000,
4083954.401002,521545.990082,50.544814,253.510222,121.097111,-0.109000,-1.014556,0.929198,0.875130,1.000000,1.000000,
4083953.841622,521546.919279,50.566618,254.593552,121.090979,-0.105319,-1.014298,0.935936,0.888868,1.000000,1.000000,
4083953.278171,521547.855214,50.551386,255.693786,121.091447,-0.105638,-1.011277,0.944570,0.916651,1.000000,1.000000,
4083952.708180,521548.799785,50.538901,256.796302,121.101381,-0.111413,-1.017381,0.964864,0.869467,1.000000,1.000000,
4083952.123784,521549.764648,50.544180,257.932829,121.109574,-0.118426,-1.015277,0.926827,0.897778,1.000000,1.000000,
4083951.561308,521550.691475,50.537614,259.025419,121.099710,-0.111806,-1.019903,0.927862,0.873997,1.000000,1.000000,
4083951.006651,521551.619338,50.537627,260.096500,121.107000,-0.115000,-1.018000,0.924209,0.872198,1.000000,1.000000,
4083950.439787,521552.543547,50.544898,261.198761,121.111217,-0.117804,-1.008804,0.956203,0.853926,1.000000,1.000000,
4083949.871700,521553.499749,50.544243,262.301676,121.100677,-0.117677,-1.004968,0.935970,0.826286,1.000000,1.000000,
4083949.305601,521554.435720,50.552200,263.401213,121.114277,-0.104000,-0.998723,0.960867,0.721983,1.000000,1.000000,
4083948.721774,521555.396587,50.551378,264.535783,121.097065,-0.109957,-0.995065,0.960911,0.567679,1.000000,1.000000,
4083948.141522,521556.357497,50.559953,265.650722,121.093000,-0.130660,-1.003362,0.945250,0.450633,1.000000,1.000000,
4083947.569637,521557.302748,50.558158,266.753681,121.091702,-0.119915,-1.004872,0.929079,0.429221,1.000000,1.000000,
4083947.001362,521558.231828,50.555998,267.837556,121.094778,-0.098444,-1.010444,0.926737,0.466987,1.000000,1.000000,
4083946.464441,521559.158563,50.557365,268.930999,121.086106,-0.112575,-1.008106,0.944363,0.410059,1.000000,1.000000,
4083945.885787,521560.102928,50.515773,270.048936,121.117809,-0.109574,-1.017426,0.982533,0.228851,1.000000,1.000000,
4083945.290277,521561.085461,50.550752,271.192952,121.102714,-0.110333,-1.013524,0.971517,0.082982,1.000000,1.000000,
4083944.712067,521562.056977,50.551810,272.321956,121.109872,-0.097872,-1.011255,0.917122,0.084923,1.000000,1.000000,
4083944.134984,521562.974099,50.488209,273.433596,121.118426,-0.083149,-1.021702,0.973798,-0.038787,1.000000,1.000000,
4083943.585330,521563.947897,50.544688,274.526333,121.096048,-0.104762,-1.008048,0.955480,-0.162644,1.000000,1.000000,
4083943.003516,521564.903376,50.544166,275.651105,121.079085,-0.096000,-1.003085,0.934405,-0.261503,1.000000,1.000000,
4083942.444766,521565.837781,50.544660,276.757193,121.098032,-0.101774,-1.011226,0.958289,-0.395193,1.000000,1.000000,
4083941.868150,521566.796071,50.542552,277.870174,121.132717,-0.106435,-1.011435,0.979893,-0.578215,1.000000,1.000000,
4083941.280899,521567.775962,50.567184,279.023021,121.096348,-0.099761,-1.008652,0.996987,-0.853778,1.000000,1.000000,
4083940.683738,521568.772950,50.539603,280.177967,121.099323,-0.110516,-1.017000,0.988918,-1.200979,1.000000,1.000000,
4083940.075283,521569.761868,50.554370,281.343131,121.119478,-0.094348,-1.013609,0.949129,-1.622751,1.000000,1.000000,
4083939.503312,521570.710997,50.528549,282.463097,121.073097,-0.105000,-1.006613,0.930626,-2.166602,1.000000,1.000000,
4083938.951840,521571.641622,50.552152,283.529999,121.090000,-0.104660,-1.009000,0.911213,-2.854456,1.000000,1.000000,
4083938.399511,521572.552837,50.576668,284.606043,121.114511,-0.105511,-1.008234,0.916759,-3.641330,1.000000,1.000000,
4083937.843064,521573.469596,50.560040,285.676710,121.090290,-0.123871,-1.000581,0.927212,-4.553015,1.000000,1.000000,
4083937.293075,521574.396807,50.565830,286.755105,121.089000,-0.107362,-1.008277,0.912594,-5.445885,1.000000,1.000000,
4083936.747586,521575.309402,50.561744,287.838746,121.121952,-0.105079,-1.016016,0.920498,-6.350734,1.000000,1.000000,
4083936.188707,521576.229900,50.542538,288.915064,121.082468,-0.118234,-1.013234,0.954933,-7.315778,1.000000,1.000000,
4083935.616218,521577.184832,50.560745,290.025680,121.077085,-0.118255,-1.015000,0.940530,-8.230674,1.000000,1.000000,
4083935.048481,521578.125363,50.580069,291.125302,121.087937,-0.109238,-1.020413,0.922651,-9.149070,1.000000,1.000000,
4083934.504315,521579.048014,50.570255,292.196191,121.099298,-0.105702,-1.015553,0.894036,-10.006883,1.000000,1.000000,
4083933.966093,521579.942049,50.547759,293.251807,121.114000,-0.118149,-1.007894,0.909417,-10.897037,1.000000,1.000000,
4083933.415630,521580.851466,50.566784,294.311955,121.128783,-0.115217,-1.017783,0.954153,-11.843269,1.000000,1.000000,
4083932.845057,521581.805620,50.560611,295.430234,121.112000,-0.117660,-1.015000,0.945418,-12.796936,1.000000,1.000000,
4083932.275193,521582.751037,50.553631,296.550999,121.106851,-0.122617,-1.008149,0.949771,-13.729315,1.000000,1.000000,
4083931.701545,521583.700808,50.568201,297.656999,121.104000,-0.112000,-1.006000,0.947012,-14.660740,1.000000,1.000000,
4083931.131628,521584.647821,50.568794,298.767261,121.126087,-0.118609,-1.020304,0.949897,-15.613156,1.000000,1.000000,
4083930.566456,521585.597717,50.559409,299.878968,121.080258,-0.123871,-1.014742,0.930228,-16.541355,1.000000,1.000000,
4083930.005670,521586.527945,50.550444,300.961127,121.070170,-0.106766,-1.009000,0.935342,-17.483677,1.000000,1.000000,
4083929.448423,521587.463287,50.567769,302.060000,121.079745,-0.101532,-1.007532,0.922131,-18.382836,1.000000,1.000000,
4083928.891726,521588.385418,50.566656,303.126774,121.093516,-0.099742,-1.001613,0.917790,-19.234793,1.000000,1.000000,
4083928.344291,521589.303208,50.559351,304.203254,121.097404,-0.092000,-1.003000,0.923611,-20.104906,1.000000,1.000000,
4083927.775354,521590.226820,50.543066,305.310603,121.121222,-0.078000,-1.011000,0.949853,-21.079963,1.000000,1.000000,
4083927.224559,521591.176673,50.550010,306.400596,121.123426,-0.061213,-0.990426,0.910635,-21.926778,1.000000,1.000000,
4083926.675819,521592.087307,50.552251,307.460382,121.076213,-0.104489,-1.022191,0.889233,-22.748706,1.000000,1.000000,
4083926.127764,521592.976541,50.536181,308.503809,121.079746,-0.113270,-1.009476,0.860314,-23.530158,1.000000,1.000000,
4083925.615936,521593.836855,50.554874,309.510000,121.089362,-0.111915,-1.002000,0.831543,-24.233011,1.000000,1.000000,
4083925.109794,521594.668397,50.551064,310.488273,121.097807,-0.112145,-1.016952,0.820293,-24.891040,1.000000,1.000000,
4083924.615751,521595.488691,50.557586,311.436435,121.117565,-0.104435,-1.015565,0.794321,-25.482257,1.000000,1.000000,
4083924.138781,521596.283012,50.558594,312.367261,121.155261,-0.103391,-1.014870,0.704266,-25.900187,1.000000,1.000000,
4083923.715895,521596.987277,50.569866,313.166161,121.109742,-0.101258,-1.006371,0.552598,-26.054862,1.000000,1.000000,
4083923.382616,521597.539875,50.546188,313.817808,121.104787,-0.099213,-1.008149,0.378938,-25.879780,1.000000,1.000000,
4083923.160140,521597.918813,50.553204,314.235609,121.078261,-0.095000,-1.010000,0.200052,-25.366922,1.000000,1.000000,
4083923.036282,521598.118865,50.545825,314.460613,121.063548,-0.093452,-1.012000,0.104779,-24.659718,0.000000,1.000000,
4083922.968576,521598.223644,50.547601,314.568000,121.066979,-0.095979,-1.013000,0.026876,-23.783246,0.000000,1.000000,
4083922.959392,521598.250520,50.547435,314.588447,121.063319,-0.094319,-1.013000,0.003119,-22.875475,0.000000,1.000000,
4083922.956251,521598.247401,50.543113,314.591000,121.062000,-0.095000,-1.012714,0.000212,-21.954399,0.000000,1.000000,
4083922.958804,521598.247613,50.538212,314.591000,121.063000,-0.095000,-1.012000,0.000252,-20.999855,0.000000,1.000000,
4083922.963483,521598.247865,50.536643,314.591000,121.062894,-0.096000,-1.012000,0.001300,-20.060274,0.000000,1.000000,
4083922.960803,521598.249166,50.540051,314.591000,121.063000,-0.096000,-1.012000,0.000079,-19.134769,0.000000,1.000000,
4083922.961681,521598.249244,50.541049,314.583000,121.063000,-0.096000,-1.012000,0.002396,-18.245328,0.000000,1.000000,
4083922.957127,521598.251641,50.547624,314.583000,121.063000,-0.097000,-1.012000,0.004471,-17.340180,0.000000,1.000000,
4083922.958498,521598.247170,50.536120,314.583000,121.062317,-0.096317,-1.012000,0.005872,-16.390562,0.000000,1.000000,
4083922.958917,521598.253041,50.541245,314.583000,121.063277,-0.097000,-1.012000,0.001198,-15.444204,0.000000,1.000000,
4083922.961705,521598.254240,50.548697,314.583000,121.063000,-0.096979,-1.012000,0.006297,-14.502711,0.000000,1.000000,
4083922.959168,521598.247943,50.539561,314.583000,121.063000,-0.096348,-1.012000,0.001688,-13.556834,0.000000,1.000000,
4083922.960156,521598.249631,50.531919,314.583000,121.063000,-0.096000,-1.012000,0.002126,-12.610959,0.000000,1.000000,
4083922.961328,521598.247505,50.535348,314.583000,121.062000,-0.096000,-1.012000,0.003179,-11.681557,0.000000,1.000000,
4083922.961256,521598.250684,50.533456,314.583000,121.061000,-0.096000,-1.012000,0.001625,-10.744873,0.000000,1.000000,
4083922.961020,521598.252308,50.539774,314.583000,121.062000,-0.096000,-1.012000,0.000739,-9.821781,0.000000,1.000000,
4083922.955712,521598.253047,50.540685,314.583000,121.062000,-0.096000,-1.013000,0.001091,-8.905040,0.000000,1.000000,
4083922.959393,521598.254138,50.530119,314.583000,121.062000,-0.096000,-1.013000,0.005593,-7.992580,0.000000,1.000000,
4083922.957825,521598.248546,50.530856,314.583000,121.062000,-0.096000,-1.012000,0.007528,-7.057261,0.000000,1.000000,
4083922.958673,521598.256073,50.543246,314.583000,121.062000,-0.096000,-1.012222,0.000657,-6.144077,0.000000,1.000000,
4083922.959023,521598.255416,50.553441,314.583000,121.063000,-0.096000,-1.012000,0.001059,-5.254187,0.000000,1.000000,
4083922.960656,521598.256475,50.555100,314.583000,121.062000,-0.096000,-1.012000,0.004770,-4.402097,0.000000,1.000000,
4083922.958156,521598.251704,50.528260,314.583000,121.062000,-0.096000,-1.012000,0.001944,-3.573412,0.000000,1.000000,
4083922.951940,521598.253649,50.546213,314.583000,121.062000,-0.096000,-1.012000,0.002664,-2.757776,0.000000,1.000000,
4083922.962539,521598.250985,50.524249,314.583000,121.062000,-0.096000,-1.012000,0.000438,-1.960142,0.000000,1.000000,
4083922.957936,521598.250547,50.527883,314.583000,121.062000,-0.096000,-1.012381,0.001683,-1.254809,0.000000,1.000000,
4083922.962641,521598.252230,50.535114,314.583000,121.062077,-0.096000,-1.012000,0.001392,-0.703437,0.000000,1.000000,
4083922.958333,521598.253623,50.537360,314.583000,121.062000,-0.096000,-1.012000,0.002332,-0.328169,0.000000,1.000000,
4083922.960111,521598.251291,50.536983,314.583000,121.062000,-0.096000,-1.012000,0.001748,-0.130118,0.000000,1.000000,
4083922.958572,521598.249542,50.534363,314.583000,121.062005,-0.095999,-1.012001,0.000002,-0.023300,0.000000,1.000000,
4083922.946465,521598.246854,50.607298,314.583000,121.069000,-0.094000,-1.014000,0.003012,0.000589,0.000000,1.000000,
4083922.947556,521598.249866,50.602189,314.583000,121.069000,-0.094000,-1.014000,0.001414,0.003280,0.000000,1.000000,
4083922.950491,521598.251280,50.604781,314.583000,121.069000,-0.094000,-1.014000,0.001002,0.007993,0.000000,1.000000,
4083922.950034,521598.252282,50.616056,314.583000,121.069000,-0.094000,-1.014000,0.000115,0.011108,0.000000,1.000000,
4083922.940850,521598.252168,50.605802,314.583000,121.069000,-0.094000,-1.014000,0.001651,0.013576,0.000000,1.000000,
4083922.947834,521598.250516,50.596157,314.583000,121.069000,-0.094000,-1.014000,0.003012,0.015380,0.000000,1.000000,
4083922.950518,521598.247504,50.607231,314.583000,121.069000,-0.094000,-1.014000,0.000198,0.018846,0.000000,1.000000,
4083922.944667,521598.247703,50.613196,314.583000,121.069000,-0.094000,-1.014000,0.004673,0.014290,0.000000,1.000000,
4083922.945312,521598.252375,50.612851,314.583000,121.069000,-0.094000,-1.014000,0.007209,0.007181,0.000000,1.000000,
4083922.944316,521598.245167,50.610655,314.583000,121.069000,-0.094000,-1.014000,0.003336,0.005176,0.000000,1.000000,
4083922.947896,521598.248503,50.603231,314.583000,121.069000,-0.094000,-1.014000,0.004316,0.003147,0.000000,1.000000,
4083922.948992,521598.244187,50.608254,314.583000,121.069000,-0.094000,-1.014000,0.002241,0.000984,0.000000,1.000000,
4083922.946635,521598.246428,50.606570,314.583000,121.069000,-0.094000,-1.014000,0.000230,0.006644,0.000000,1.000000,
4083922.952017,521598.246198,50.605062,314.583000,121.069000,-0.094000,-1.014000,0.005532,0.094545,0.000000,1.000000,
4083922.946580,521598.251730,50.612660,314.583000,121.069000,-0.094000,-1.014000,0.004591,0.293009,0.000000,1.000000,
4083922.945657,521598.247139,50.607876,314.583000,121.069000,-0.094000,-1.014000,0.002439,0.600780,0.000000,1.000000,
4083922.945975,521598.249577,50.612459,314.583000,121.069000,-0.094000,-1.014000,0.001133,0.988370,0.000000,1.000000,
4083922.941659,521598.248445,50.613708,314.583000,121.069000,-0.094000,-1.014000,0.000035,1.467511,0.000000,1.000000,
4083922.947717,521598.248479,50.616298,314.583000,121.069000,-0.094000,-1.014000,0.000521,2.027343,0.000000,1.000000,
4083922.940496,521598.247958,50.619754,314.583000,121.069000,-0.094000,-1.014000,0.003864,2.614015,0.000000,1.000000,
4083922.943179,521598.251822,50.613859,314.583000,121.069000,-0.094000,-1.014000,0.002774,3.226705,0.000000,1.000000,
4083922.945543,521598.249048,50.608367,314.583000,121.069000,-0.094000,-1.014000,0.001317,3.854498,0.000000,1.000000,
4083922.943695,521598.250366,50.618666,314.583000,121.069000,-0.094000,-1.014000,0.001030,4.501122,0.000000,1.000000,
4083922.947710,521598.249335,50.614312,314.583000,121.069000,-0.094000,-1.014000,0.000672,5.190649,0.000000,1.000000,
4083922.942493,521598.248664,50.610931,314.583000,121.069000,-0.094000,-1.014000,0.004188,5.893925,0.000000,1.000000,
4083922.943995,521598.252852,50.612608,314.583000,121.069000,-0.094000,-1.014000,0.004435,6.618834,0.000000,1.000000,
4083922.948932,521598.248417,50.605516,314.583000,121.069000,-0.094000,-1.014000,0.001557,7.380337,0.000000,1.000000,
4083922.950889,521598.246859,50.618730,314.583000,121.069000,-0.094000,-1.014000,0.000995,8.136310,0.000000,1.000000,
4083922.941226,521598.247854,50.610284,314.583000,121.069000,-0.094000,-1.014000,0.001496,8.875272,0.000000,1.000000,
4083922.943643,521598.249350,50.607568,314.583000,121.069000,-0.094000,-1.014000,0.002043,9.620530,0.000000,1.000000,
4083922.946787,521598.247307,50.612535,314.583000,121.069000,-0.094000,-1.014000,0.003038,10.353389,0.000000,1.000000,
4083922.940598,521598.250345,50.617460,314.583000,121.069000,-0.094000,-1.014000,0.002400,11.090419,0.000000,1.000000,
4083922.945785,521598.247945,50.613206,314.583000,121.069000,-0.094000,-1.014000,0.006505,11.845445,0.000000,1.000000,
4083922.949589,521598.241439,50.611114,314.583000,121.069000,-0.094000,-1.014000,0.003092,12.594514,0.000000,1.000000,
4083922.952689,521598.244532,50.604161,314.583000,121.069000,-0.094000,-1.014000,0.004470,13.366710,0.000000,1.000000,
4083922.943477,521598.240061,50.599762,314.583000,121.069000,-0.094000,-1.014000,0.007750,14.118140,0.000000,1.000000,
4083922.941221,521598.247811,50.611957,314.583000,121.069000,-0.094000,-1.014000,0.001466,14.897239,0.000000,1.000000,
4083922.943698,521598.246345,50.606152,314.583000,121.069000,-0.094000,-1.014000,0.000317,15.675662,0.000000,1.000000,
4083922.951642,521598.246028,50.606228,314.583000,121.069000,-0.094000,-1.014000,0.001437,16.476907,0.000000,1.000000,
4083922.948462,521598.247465,50.614469,314.583000,121.069000,-0.094000,-1.014000,0.003469,17.287155,0.000000,1.000000,
4083922.951273,521598.243996,50.606713,314.583000,121.069000,-0.094000,-1.014000,0.000306,18.102547,0.000000,1.000000,
4083922.947002,521598.244301,50.611239,314.583000,121.069000,-0.094000,-1.014000,0.000631,18.937489,0.000000,1.000000,
4083922.952854,521598.243671,50.599441,314.583000,121.070984,-0.093000,-1.014000,0.003993,19.754513,0.000000,1.000000,
4083922.948793,521598.239677,50.602506,314.583000,121.072000,-0.094000,-1.014000,0.095787,20.392515,0.000000,1.000000,
4083922.897810,521598.335465,50.618619,314.695702,121.060106,-0.097000,-1.010319,0.206021,20.809716,1.000000,1.000000,
4083922.762900,521598.541486,50.617325,314.958870,121.053413,-0.100413,-1.010196,0.311909,21.022679,1.000000,1.000000,
4083922.578709,521598.853395,50.617915,315.326723,121.049830,-0.090830,-1.010340,0.388765,21.085179,1.000000,1.000000,
4083922.346888,521599.242160,50.621257,315.793936,121.070872,-0.099128,-1.015128,0.473616,20.954054,1.000000,1.000000,
4083922.061859,521599.715776,50.625981,316.369714,121.099000,-0.108571,-1.015143,0.553347,20.650443,1.000000,1.000000,
4083921.728469,521600.269124,50.614948,317.023511,121.118255,-0.113064,-1.011128,0.593743,20.253085,1.000000,1.000000,
4083921.358652,521600.862867,50.610275,317.721532,121.116638,-0.124000,-1.010085,0.617178,19.823631,1.000000,1.000000,
4083920.995015,521601.480044,50.608277,318.444999,121.114000,-0.102000,-1.006000,0.625657,19.420614,1.000000,1.000000,
4083920.620419,521602.105702,50.619243,319.173383,121.104298,-0.089702,-1.016298,0.646740,18.986313,1.000000,1.000000,
4083920.234368,521602.752442,50.618888,319.942170,121.092809,-0.098000,-1.016000,0.688206,18.475918,1.000000,1.000000,
4083919.807478,521603.440647,50.620448,320.752793,121.081651,-0.110175,-1.012254,0.711215,17.909274,1.000000,1.000000,
4083919.388910,521604.151863,50.625157,321.583723,121.119000,-0.112064,-1.013404,0.732095,17.310386,1.000000,1.000000,
4083918.963183,521604.883957,50.629313,322.453032,121.097484,-0.104129,-1.012258,0.763226,16.647120,1.000000,1.000000,
4083918.498344,521605.647184,50.625883,323.324544,121.108826,-0.104913,-1.016543,0.755630,15.985816,1.000000,1.000000,
4083918.055040,521606.402813,50.615056,324.208239,121.134522,-0.101804,-1.008196,0.740206,15.358374,1.000000,1.000000,
4083917.593406,521607.143019,50.644429,325.082065,121.107000,-0.107710,-1.008871,0.749342,14.735377,1.000000,1.000000,
4083917.139350,521607.892361,50.611756,325.962000,121.097957,-0.113638,-1.018362,0.735923,14.142494,1.000000,1.000000,
4083916.710259,521608.628285,50.596918,326.829747,121.091984,-0.113968,-1.027936,0.740416,13.525311,1.000000,1.000000,
4083916.249364,521609.368701,50.620309,327.705548,121.113468,-0.107403,-1.018661,0.767034,12.866263,1.000000,1.000000,
4083915.803621,521610.135735,50.618602,328.583000,121.128085,-0.123170,-1.012170,0.755139,12.220070,1.000000,1.000000,
4083915.338201,521610.890874,50.605591,329.490788,121.123000,-0.117213,-1.007425,0.779486,11.527479,1.000000,1.000000,
4083914.865727,521611.670359,50.614056,330.382149,121.102149,-0.130149,-1.017596,0.763917,10.882345,1.000000,1.000000,
4083914.414501,521612.434276,50.620479,331.290000,121.062596,-0.130000,-1.016298,0.781834,10.197235,1.000000,1.000000,
4083913.940896,521613.216110,50.620296,332.199398,121.098651,-0.106762,-1.014413,0.774385,9.527969,1.000000,1.000000,
4083913.480762,521613.990495,50.640291,333.105915,121.116085,-0.096085,-1.018830,0.796911,8.818043,1.000000,1.000000,
4083912.994017,521614.787406,50.619351,334.053000,121.082766,-0.089851,-1.017617,0.813850,8.094276,1.000000,1.000000,
4083912.513837,521615.601257,50.620876,334.992255,121.103016,-0.095952,-1.008032,0.811687,7.373775,1.000000,1.000000,
4083912.022776,521616.412943,50.617733,335.955000,121.108043,-0.101362,-1.009723,0.833963,6.603483,1.000000,1.000000,
4083911.516626,521617.246906,50.627775,336.937645,121.108161,-0.100581,-1.010290,0.824781,5.851112,1.000000,1.000000,
4083911.022313,521618.071687,50.621347,337.892661,121.108000,-0.101177,-1.024000,0.824044,5.156601,1.000000,1.000000,
4083910.522360,521618.895731,50.626097,338.860456,121.101000,-0.099457,-1.024087,0.824652,4.556546,1.000000,1.000000,
4083910.033784,521619.720384,50.623186,339.830210,121.099113,-0.109887,-1.014226,0.834344,4.023822,1.000000,1.000000,
4083909.522746,521620.554727,50.637910,340.802000,121.095000,-0.106532,-1.014000,0.838897,3.553500,1.000000,1.000000,
4083909.024765,521621.393624,50.635251,341.781000,121.116830,-0.099064,-1.021234,0.816073,3.254164,1.000000,1.000000,
4083908.532750,521622.209697,50.624399,342.732597,121.096145,-0.089613,-1.016226,0.802562,3.071006,1.000000,1.000000,
4083908.055542,521623.012259,50.631923,343.667298,121.091489,-0.091702,-1.012298,0.786265,2.975062,1.000000,1.000000,
4083907.585029,521623.798524,50.605645,344.599001,121.125000,-0.111000,-1.014000,0.802128,2.876588,1.000000,1.000000,
4083907.092696,521624.600652,50.606332,345.538000,121.126000,-0.093191,-1.014723,0.846981,2.678291,1.000000,1.000000,
4083906.584276,521625.447633,50.607950,346.533511,121.083191,-0.096191,-1.008128,0.858149,2.525292,1.000000,1.000000,
4083906.060246,521626.305783,50.617576,347.538429,121.100572,-0.086571,-1.006428,0.865344,2.374098,1.000000,1.000000,
4083905.544118,521627.171126,50.611701,348.553000,121.138617,-0.094745,-1.010383,0.851597,2.279205,1.000000,1.000000,
4083905.023849,521628.022724,50.608797,349.553638,121.093830,-0.092000,-1.001021,0.860866,2.194308,1.000000,1.000000,
4083904.511241,521628.883591,50.603547,350.563178,121.102613,-0.116403,-1.009016,0.861629,2.152196,1.000000,1.000000,
4083903.988131,521629.745220,50.608962,351.568000,121.114681,-0.118681,-1.014106,0.848961,2.102328,1.000000,1.000000,
4083903.472465,521630.594180,50.601916,352.574766,121.125596,-0.111596,-1.017191,0.851474,2.036023,1.000000,1.000000,
4083902.966152,521631.445654,50.598909,353.566097,121.120065,-0.098968,-1.010984,0.873644,1.894174,1.000000,1.000000,
4083902.432161,521632.319299,50.601537,354.594456,121.105348,-0.090696,-1.005652,0.875925,1.744457,1.000000,1.000000,
4083901.910091,521633.195223,50.601451,355.615081,121.083274,-0.117274,-1.004097,0.861249,1.674527,1.000000,1.000000,
4083901.385591,521634.056473,50.608550,356.620000,121.089255,-0.089255,-1.005787,0.868516,1.633869,1.000000,1.000000,
4083900.872110,521634.924988,50.602825,357.646000,121.122894,-0.077894,-1.011106,0.860991,1.581591,1.000000,1.000000,
4083900.354753,521635.785979,50.601905,358.649016,121.087871,-0.081565,-1.012565,0.861910,1.541232,1.000000,1.000000,
4083899.834057,521636.647890,50.596109,359.662085,121.089979,-0.111766,-1.022745,0.874951,1.463949,1.000000,1.000000,
4083899.308511,521637.522841,50.593322,360.689620,121.088000,-0.111048,-1.013841,0.877090,1.403166,1.000000,1.000000,
4083898.778259,521638.399931,50.603643,361.706596,121.106979,-0.086277,-1.003277,0.879188,1.316527,1.000000,1.000000,
4083898.248355,521639.279118,50.603844,362.744000,121.086277,-0.100170,-1.005660,0.882458,1.265819,1.000000,1.000000,
4083897.714057,521640.161577,50.599249,363.774318,121.111270,-0.101730,-1.011000,0.900465,1.194992,1.000000,1.000000,
4083897.177077,521641.062041,50.611451,364.830723,121.105660,-0.099660,-1.016979,0.902568,1.148050,1.000000,1.000000,
4083896.624134,521641.964609,50.607947,365.893341,121.096915,-0.099000,-1.011085,0.897003,1.116404,1.000000,1.000000,
4083896.088413,521642.861612,50.612795,366.939049,121.112823,-0.092565,-1.017048,0.893197,1.037988,1.000000,1.000000,
4083895.559395,521643.754809,50.599369,367.977087,121.113891,-0.100326,-1.018891,0.857790,1.028262,1.000000,1.000000,
4083895.049668,521644.612599,50.602601,368.979000,121.112809,-0.111617,-1.017383,0.843228,1.044762,1.000000,1.000000,
4083894.545193,521645.455828,50.594286,369.951001,121.101808,-0.115192,-1.022575,0.824054,1.119905,1.000000,1.000000,
4083894.054827,521646.279881,50.601427,370.921782,121.116783,-0.106435,-1.018674,0.818708,1.216121,1.000000,1.000000,
4083893.548837,521647.098589,50.592217,371.892468,121.076000,-0.080000,-1.010871,0.859194,1.195557,1.000000,1.000000,
4083893.035189,521647.957782,50.594015,372.886659,121.102915,-0.097915,-1.015043,0.868618,1.165690,1.000000,1.000000,
4083892.530949,521648.826400,50.597303,373.920660,121.120660,-0.120340,-1.028298,0.882842,1.097202,1.000000,1.000000,
4083891.988030,521649.709242,50.594869,374.946021,121.108064,-0.100043,-1.018128,0.888605,1.018428,1.000000,1.000000,
4083891.458389,521650.597847,50.597921,375.988000,121.087447,-0.093000,-1.010106,0.870007,1.012726,1.000000,1.000000,
4083890.924007,521651.467854,50.569240,377.015362,121.095085,-0.134830,-1.008085,0.916560,0.897052,1.000000,1.000000,
4083890.373229,521652.384414,50.606216,378.078085,121.114574,-0.099000,-1.013149,0.891289,0.842015,1.000000,1.000000,
4083889.833196,521653.275703,50.625290,379.118403,121.101226,-0.092742,-1.013000,0.897086,0.789271,1.000000,1.000000,
4083889.286096,521654.172791,50.589659,380.177810,121.127149,-0.104298,-1.018404,0.904741,0.743276,1.000000,1.000000,
4083888.739982,521655.077531,50.594891,381.252851,121.115447,-0.108681,-1.016894,0.917920,0.643454,1.000000,1.000000,
4083888.198231,521655.995451,50.589688,382.303677,121.102855,-0.113855,-1.005097,0.892424,0.570459,1.000000,1.000000,
4083887.662360,521656.887876,50.605553,383.356675,121.092522,-0.098522,-0.999478,0.896437,0.500952,1.000000,1.000000,
4083887.127287,521657.784312,50.619036,384.391307,121.110242,-0.114548,-1.009516,0.856097,0.552829,1.000000,1.000000,
4083886.598936,521658.640410,50.597600,385.399387,121.086677,-0.108000,-1.015226,0.866209,0.578948,1.000000,1.000000,
4083886.073074,521659.506620,50.604037,386.425235,121.116979,-0.118191,-1.021979,0.912152,0.524251,1.000000,1.000000,
4083885.532551,521660.418771,50.596014,387.489065,121.089177,-0.100952,-1.025935,0.929340,0.475733,1.000000,1.000000,
4083884.980475,521661.348111,50.592448,388.572745,121.075468,-0.088000,-1.011532,0.914565,0.418705,1.000000,1.000000,
4083884.429306,521662.262677,50.605616,389.640985,121.107492,-0.099111,-1.002016,0.903976,0.341108,1.000000,1.000000,
4083883.887653,521663.166652,50.599903,390.701484,121.101581,-0.096290,-1.002710,0.908701,0.266560,1.000000,1.000000,
4083883.338086,521664.075353,50.610751,391.766872,121.085830,-0.093830,-1.010702,0.911564,0.193685,1.000000,1.000000,
4083882.792587,521664.986918,50.606692,392.818826,121.072698,-0.094905,-1.010698,0.897351,0.194423,1.000000,1.000000,
4083882.255989,521665.884269,50.600885,393.874383,121.109298,-0.090191,-1.009489,0.917297,0.120000,1.000000,1.000000,
4083881.702371,521666.801565,50.621159,394.953000,121.103000,-0.108000,-1.015000,0.916252,0.052644,1.000000,1.000000,
4083881.138402,521667.717819,50.617737,396.034001,121.126905,-0.111429,-1.021524,0.946506,-0.075413,1.000000,1.000000,
4083880.577819,521668.664325,50.626733,397.139512,121.113192,-0.102064,-1.022128,0.928397,-0.186715,1.000000,1.000000,
4083880.013513,521669.592721,50.624135,398.218128,121.113532,-0.101234,-1.021532,0.883197,-0.227922,1.000000,1.000000,
4083879.484170,521670.475919,50.613112,399.254130,121.098870,-0.099000,-1.025522,0.881811,-0.267083,1.000000,1.000000,
4083878.951825,521671.357730,50.603586,400.294640,121.107681,-0.104511,-1.025000,0.878303,-0.286174,1.000000,1.000000,
4083878.425295,521672.236032,50.598628,401.327177,121.081839,-0.090581,-1.012403,0.888907,-0.359642,1.000000,1.000000,
4083877.898195,521673.124940,50.584470,402.363217,121.115304,-0.096739,-1.015261,0.894735,-0.459230,1.000000,1.000000,
4083877.345450,521674.019675,50.614501,403.405610,121.112174,-0.098391,-1.020783,0.881750,-0.464977,1.000000,1.000000,
4083876.816277,521674.901424,50.607747,404.432242,121.059984,-0.117016,-1.006952,0.904808,-0.518198,1.000000,1.000000,
4083876.277437,521675.806232,50.588795,405.510447,121.102362,-0.090596,-1.004128,0.910931,-0.553960,1.000000,1.000000,
4083875.738604,521676.717164,50.599843,406.574429,121.142429,-0.082857,-1.020143,0.896307,-0.574027,1.000000,1.000000,
4083875.196491,521677.613471,50.601551,407.615915,121.101170,-0.098723,-1.030511,0.887332,-0.592035,1.000000,1.000000,
4083874.663532,521678.500802,50.619020,408.649574,121.114447,-0.108447,-1.035447,0.859296,-0.517031,1.000000,1.000000,
4083874.140128,521679.360099,50.605170,409.657144,121.090428,-0.117571,-1.026000,0.862197,-0.478763,1.000000,1.000000,
4083873.621953,521680.222296,50.610851,410.667000,121.066936,-0.114979,-1.006511,0.889831,-0.493162,1.000000,1.000000,
4083873.084902,521681.112127,50.617121,411.715032,121.072645,-0.106839,-1.010355,0.902621,-0.500327,1.000000,1.000000,
4083872.540741,521682.014749,50.624246,412.768541,121.119730,-0.099683,-1.019095,0.874390,-0.442081,1.000000,1.000000,
4083872.027129,521682.889138,50.612726,413.794213,121.138830,-0.112106,-1.019553,0.862892,-0.368892,1.000000,1.000000,
4083871.491671,521683.752029,50.604455,414.818000,121.110064,-0.113979,-1.024000,0.871893,-0.313353,1.000000,1.000000,
4083870.973972,521684.623922,50.626694,415.828348,121.110000,-0.103609,-1.021957,0.890428,-0.327169,1.000000,1.000000,
4083870.445183,521685.514351,50.621958,416.869517,121.097032,-0.100065,-1.015806,0.882612,-0.304599,1.000000,1.000000,
4083869.917253,521686.396962,50.622549,417.900048,121.104823,-0.097435,-1.009435,0.908359,-0.292014,1.000000,1.000000,
4083869.367470,521687.305321,50.620359,418.971021,121.113511,-0.100872,-1.014128,0.941646,-0.302637,1.000000,1.000000,
4083868.807569,521688.246968,50.625602,420.073436,121.110652,-0.100131,-1.017957,0.911110,-0.286543,1.000000,1.000000,
4083868.253240,521689.158078,50.633644,421.125532,121.091043,-0.098383,-1.008191,0.868445,-0.233939,1.000000,1.000000,
4083867.740548,521690.026523,50.624211,422.142894,121.127000,-0.095000,-1.008106,0.867904,-0.168971,1.000000,1.000000,
4083867.232770,521690.894427,50.633886,423.157445,121.106000,-0.095889,-1.014444,0.873163,-0.100962,1.000000,1.000000,
4083866.690886,521691.767590,50.625716,424.186617,121.097915,-0.099957,-1.014128,0.916252,-0.124930,1.000000,1.000000,
4083866.142161,521692.683842,50.619978,425.252000,121.076723,-0.094319,-1.004681,0.877713,-0.063825,1.000000,1.000000,
4083865.607546,521693.561556,50.629296,426.286171,121.062043,-0.104979,-0.997149,0.864683,0.024906,1.000000,1.000000,
4083865.071814,521694.426239,50.629561,427.304000,121.131340,-0.088000,-1.004000,0.862388,0.172318,1.000000,1.000000,
4083864.579054,521695.288627,50.612706,428.293484,121.135645,-0.096645,-1.005032,0.848490,0.310255,1.000000,1.000000,
4083864.077289,521696.137117,50.622633,429.278271,121.112159,-0.107683,-1.004524,0.831990,0.432189,1.000000,1.000000,
4083863.569193,521696.969107,50.594792,430.271489,121.089489,-0.109511,-1.009979,0.866670,0.509973,1.000000,1.000000,
4083863.021418,521697.835777,50.612778,431.304129,121.079290,-0.110290,-1.003000,0.894287,0.532072,1.000000,1.000000,
4083862.499019,521698.730065,50.627532,432.336088,121.100261,-0.079435,-1.001565,0.880292,0.580071,1.000000,1.000000,
4083861.968679,521699.610357,50.617501,433.367349,121.108300,-0.102261,-0.997892,0.871175,0.668149,1.000000,1.000000,
4083861.442948,521700.481531,50.624121,434.393919,121.116903,-0.102274,-1.002274,0.898559,0.680757,1.000000,1.000000,
4083860.901478,521701.380090,50.622152,435.444723,121.108319,-0.091340,-0.997660,0.887776,0.734076,1.000000,1.000000,
4083860.358989,521702.267866,50.626503,436.490779,121.104873,-0.114968,-0.997064,0.903259,0.753447,1.000000,1.000000,
4083859.821651,521703.171125,50.651700,437.528234,121.087596,-0.102213,-1.002021,0.883942,0.785774,1.000000,1.000000,
4083859.277962,521704.055067,50.642475,438.583851,121.131787,-0.102787,-1.006894,0.886648,0.843863,1.000000,1.000000,
4083858.745173,521704.941716,50.637730,439.606953,121.119190,-0.104413,-1.003587,0.877037,0.848465,1.000000,1.000000,
4083858.222540,521705.818752,50.648073,440.635532,121.121489,-0.119340,-1.014681,0.871372,0.850830,1.000000,1.000000,
4083857.704936,521706.690125,50.638201,441.659979,121.118872,-0.116000,-1.014383,0.868177,0.877129,1.000000,1.000000,
4083857.183966,521707.558303,50.619808,442.678235,121.090234,-0.107532,-1.013936,0.893336,0.869463,1.000000,1.000000,
4083856.638032,521708.451638,50.619773,443.720000,121.096872,-0.112745,-1.007128,0.889105,0.846947,1.000000,1.000000,
4083856.107208,521709.340743,50.614750,444.762484,121.108065,-0.110548,-1.011548,0.906549,0.770428,1.000000,1.000000,
4083855.570444,521710.247292,50.613037,445.812001,121.096000,-0.108000,-1.000000,0.902888,0.750260,1.000000,1.000000,
4083855.019305,521711.150179,50.596480,446.888234,121.101404,-0.104000,-1.004298,0.910942,0.730070,1.000000,1.000000,
4083854.475642,521712.061122,50.589981,447.963855,121.088306,-0.098694,-1.006613,0.921585,0.681822,1.000000,1.000000,
4083853.925878,521712.982707,50.588481,449.030827,121.096696,-0.104217,-1.005000,0.917151,0.654389,1.000000,1.000000,
4083853.366117,521713.899858,50.592959,450.113479,121.117000,-0.120565,-1.006478,0.943330,0.596805,1.000000,1.000000,
4083852.792761,521714.843187,50.623473,451.202887,121.114113,-0.120661,-1.012661,0.923750,0.589721,1.000000,1.000000,
4083852.262034,521715.766938,50.595115,452.280427,121.106787,-0.095000,-1.021447,0.885518,0.606909,1.000000,1.000000,
4083851.717900,521716.652455,50.583492,453.331668,121.077000,-0.100238,-1.018381,0.892074,0.600429,1.000000,1.000000,
4083851.174398,521717.544529,50.581880,454.368872,121.120766,-0.105617,-1.012234,0.902772,0.558406,1.000000,1.000000,
4083850.626206,521718.447301,50.571727,455.438108,121.129681,-0.109362,-1.012277,0.911185,0.547010,1.000000,1.000000,
4083850.087877,521719.358486,50.574948,456.493810,121.131238,-0.085000,-1.011762,0.899234,0.562721,1.000000,1.000000,
4083849.546790,521720.257719,50.590636,457.550447,121.108234,-0.075851,-1.009234,0.901846,0.550272,1.000000,1.000000,
4083849.000676,521721.159567,50.586540,458.620033,121.117258,-0.096935,-1.006129,0.925682,0.485614,1.000000,1.000000,
4083848.450724,521722.085249,50.611964,459.669150,121.114340,-0.090447,-1.004340,0.906519,0.474521,1.000000,1.000000,
4083847.895587,521722.991767,50.620574,460.737191,121.093447,-0.095439,-1.002600,0.902717,0.433467,1.000000,1.000000,
4083847.342971,521723.894484,50.621981,461.804484,121.100935,-0.102129,-1.000645,0.929313,0.342741,1.000000,1.000000,
4083846.797538,521724.823798,50.599246,462.891958,121.122435,-0.103000,-1.006130,0.932370,0.243042,1.000000,1.000000,
4083846.237156,521725.756167,50.610104,463.986319,121.100000,-0.105000,-0.999745,0.919676,0.169919,1.000000,1.000000,
4083845.676266,521726.675843,50.627092,465.049766,121.103000,-0.105000,-0.998298,0.935693,0.043028,1.000000,1.000000,
4083845.127497,521727.611537,50.618654,466.135001,121.123000,-0.111000,-1.011000,0.927977,-0.041902,1.000000,1.000000,
4083844.570513,521728.539512,50.633799,467.226903,121.106419,-0.088968,-1.011516,0.924062,-0.102040,1.000000,1.000000,
4083844.007998,521729.463575,50.628644,468.297511,121.104681,-0.098745,-1.012319,0.914958,-0.132096,1.000000,1.000000,
4083843.467679,521730.378534,50.617706,469.382257,121.084000,-0.100830,-1.016000,0.903904,-0.169557,1.000000,1.000000,
4083842.906459,521731.282438,50.612590,470.459001,121.083000,-0.112397,-1.001603,0.944054,-0.266683,1.000000,1.000000,
4083842.357850,521732.226491,50.602801,471.538638,121.097170,-0.113489,-0.997489,0.899380,-0.270396,1.000000,1.000000,
4083841.799928,521733.125872,50.608771,472.602826,121.092794,-0.103206,-1.002619,0.882913,-0.272294,1.000000,1.000000,
4083841.258913,521734.008785,50.611813,473.633191,121.111841,-0.108000,-1.009841,0.872822,-0.266769,1.000000,1.000000,
4083840.738877,521734.881606,50.610190,474.654362,121.131000,-0.094596,-1.011000,0.876384,-0.239847,1.000000,1.000000,
4083840.212342,521735.757992,50.631235,475.668001,121.114254,-0.110000,-1.008190,0.881303,-0.216178,1.000000,1.000000,
4083839.688478,521736.639295,50.591092,476.709001,121.091702,-0.109000,-1.015000,0.873687,-0.146057,1.000000,1.000000,
4083839.162178,521737.512981,50.588324,477.762887,121.118823,-0.104000,-1.009548,0.913716,-0.170534,1.000000,1.000000,
4083838.632121,521738.426697,50.583700,478.812710,121.135806,-0.103387,-1.009161,0.911267,-0.188686,1.000000,1.000000,
4083838.069986,521739.337964,50.583996,479.893914,121.107044,-0.098739,-1.014739,0.912309,-0.196697,1.000000,1.000000,
4083837.526481,521740.250273,50.609950,480.962323,121.100903,-0.111000,-1.015000,0.898509,-0.171414,1.000000,1.000000,
4083836.977518,521741.148782,50.603313,482.013511,121.095000,-0.112000,-0.998064,0.887429,-0.101674,1.000000,1.000000,
4083836.444301,521742.036212,50.586984,483.064703,121.119362,-0.109149,-0.998064,0.929305,-0.142694,1.000000,1.000000,
4083835.888354,521742.965516,50.605086,484.143677,121.133677,-0.112645,-1.011032,0.919778,-0.228146,1.000000,1.000000,
4083835.333282,521743.885294,50.593833,485.227489,121.104894,-0.104277,-1.007383,0.909765,-0.288881,1.000000,1.000000,
4083834.781788,521744.795061,50.600270,486.290831,121.091915,-0.126000,-1.000085,0.890357,-0.291708,1.000000,1.000000,
4083834.229762,521745.685417,50.606018,487.319725,121.097000,-0.102617,-1.003362,0.894722,-0.286225,1.000000,1.000000,
4083833.693921,521746.580139,50.595045,488.390000,121.106872,-0.086957,-1.005000,0.936466,-0.371391,1.000000,1.000000,
4083833.146087,521747.516606,50.606026,489.466556,121.085556,-0.079778,-1.000556,0.926560,-0.425802,1.000000,1.000000,
4083832.588706,521748.443165,50.611537,490.544959,121.093787,-0.099213,-0.997894,0.924319,-0.436252,1.000000,1.000000,
4083832.033250,521749.367483,50.604477,491.640277,121.104617,-0.103191,-1.007809,0.953455,-0.513239,1.000000,1.000000,
4083831.469941,521750.320939,50.611148,492.731566,121.130652,-0.086348,-1.005348,0.932390,-0.562813,1.000000,1.000000,
4083830.905786,521751.253329,50.615209,493.819001,121.126745,-0.108745,-1.006638,0.901230,-0.503976,1.000000,1.000000,
4083830.360455,521752.154558,50.627068,494.873952,121.115000,-0.115000,-1.011613,0.870754,-0.403963,1.000000,1.000000,
4083829.843699,521753.025313,50.606909,495.895610,121.082130,-0.096174,-1.009043,0.885937,-0.362778,1.000000,1.000000,
4083829.309539,521753.911249,50.615158,496.934871,121.102000,-0.093043,-0.997739,0.873320,-0.288877,1.000000,1.000000,
4083828.776279,521754.784568,50.617002,497.948170,121.109957,-0.083064,-0.991043,0.872464,-0.196864,1.000000,1.000000,
4083828.254616,521755.657033,50.616050,498.982000,121.086277,-0.103106,-1.000064,0.900211,-0.147773,1.000000,1.000000,
4083827.714114,521756.557244,50.597314,500.044461,121.108317,-0.100095,-1.001365,0.896601,-0.080162,1.000000,1.000000,
4083827.172288,521757.453845,50.606985,501.081000,121.133213,-0.086787,-0.998787,0.886405,-0.011145,1.000000,1.000000,
4083826.638179,521758.340250,50.598676,502.126915,121.101511,-0.095979,-1.004021,0.904334,0.061325,1.000000,1.000000,
4083826.089774,521759.244585,50.611311,503.180890,121.103000,-0.089000,-1.001444,0.918009,0.047562,1.000000,1.000000,
4083825.548835,521760.162593,50.610211,504.249979,121.100106,-0.108660,-0.998787,0.892556,0.071829,1.000000,1.000000,
4083825.007279,521761.055149,50.615512,505.301645,121.102774,-0.108065,-1.004613,0.882993,0.099001,1.000000,1.000000,
4083824.477572,521761.938143,50.610490,506.333937,121.119383,-0.102766,-1.002681,0.886355,0.080110,1.000000,1.000000,
4083823.944654,521762.824497,50.597928,507.373554,121.110362,-0.116362,-1.004277,0.897171,0.055403,1.000000,1.000000,
4083823.397847,521763.721667,50.592582,508.436016,121.108677,-0.137984,-1.004032,0.910947,-0.009128,1.000000,1.000000,
4083822.857562,521764.632615,50.598586,509.489065,121.104298,-0.109532,-0.996766,0.900066,0.006211,1.000000,1.000000,
4083822.309554,521765.532681,50.601680,510.551001,121.121255,-0.107319,-1.003255,0.893439,0.045719,1.000000,1.000000,
4083821.782806,521766.426119,50.603081,511.596823,121.132000,-0.112000,-1.008194,0.895023,0.069010,1.000000,1.000000,
4083821.231688,521767.321143,50.617635,512.643523,121.132152,-0.094000,-1.002761,0.905151,0.069672,1.000000,1.000000,
4083820.693460,521768.226294,50.620711,513.698810,121.107042,-0.103851,-0.998447,0.901269,0.051116,1.000000,1.000000,
4083820.162239,521769.127561,50.633263,514.738743,121.088298,-0.116766,-1.000724,0.893841,0.082516,1.000000,1.000000,
4083819.626476,521770.021403,50.627018,515.791935,121.090522,-0.118935,-0.995065,0.868586,0.159367,1.000000,1.000000,
4083819.096520,521770.889989,50.623613,516.806194,121.122597,-0.114065,-0.993403,0.866721,0.214844,1.000000,1.000000,
4083818.594438,521771.756709,50.615045,517.812999,121.115000,-0.104000,-0.994000,0.875115,0.246736,1.000000,1.000000,
4083818.064007,521772.631825,50.632454,518.844617,121.082000,-0.104702,-1.006000,0.883742,0.270687,1.000000,1.000000,
4083817.514854,521773.515568,50.627525,519.864574,121.108936,-0.103191,-1.001553,0.888532,0.329044,1.000000,1.000000,
4083816.990851,521774.404098,50.638913,520.920127,121.108532,-0.111064,-0.998468,0.896862,0.360504,1.000000,1.000000,
4083816.440509,521775.300961,50.629282,521.980000,121.113095,-0.089651,-1.009698,0.912505,0.368316,1.000000,1.000000,
4083815.888093,521776.213466,50.618970,523.054016,121.126000,-0.096746,-1.012000,0.923404,0.380496,1.000000,1.000000,
4083815.332309,521777.136869,50.633509,524.130254,121.064064,-0.108532,-1.015532,0.912490,0.391398,1.000000,1.000000,
4083814.777561,521778.049359,50.632803,525.212338,121.114887,-0.100823,-1.016113,0.931983,0.331493,1.000000,1.000000,
4083814.226279,521778.981343,50.641872,526.277362,121.127000,-0.095596,-1.008404,0.909151,0.285437,1.000000,1.000000,
4083813.696317,521779.890494,50.632118,527.342612,121.113323,-0.089774,-1.011548,0.893382,0.294329,1.000000,1.000000,
4083813.143877,521780.783876,50.634768,528.392386,121.101790,-0.096516,-1.018306,0.884847,0.329088,1.000000,1.000000,
4083812.611575,521781.668724,50.629047,529.432326,121.125891,-0.105370,-1.015587,0.908965,0.310925,1.000000,1.000000,
4083812.064175,521782.577688,50.638030,530.503047,121.113000,-0.102048,-1.003855,0.925450,0.280964,1.000000,1.000000,
4083811.497190,521783.503138,50.628186,531.584148,121.118000,-0.107000,-1.003340,0.945856,0.212466,1.000000,1.000000,
4083810.946954,521784.448995,50.639575,532.683191,121.105702,-0.110255,-1.016894,0.937923,0.137593,1.000000,1.000000,
4083810.378453,521785.386917,50.644955,533.773225,121.115000,-0.093629,-1.009855,0.937083,0.078330,1.000000,1.000000,
4083809.812673,521786.324000,50.625381,534.876914,121.103213,-0.106064,-1.006936,0.922876,0.058619,1.000000,1.000000,
4083809.245676,521787.246878,50.646199,535.971319,121.103745,-0.121000,-1.005255,0.926465,0.017748,1.000000,1.000000,
4083808.690276,521788.173343,50.612922,537.055213,121.116000,-0.099553,-1.003617,0.920336,-0.016301,1.000000,1.000000,
4083808.138481,521789.093678,50.632801,538.118829,121.104043,-0.096979,-1.004979,0.877433,0.008917,1.000000,1.000000,
4083807.619506,521789.971112,50.619461,539.144873,121.081000,-0.105492,-1.017016,0.888332,-0.016715,1.000000,1.000000,
4083807.081183,521790.859443,50.645103,540.178043,121.095787,-0.106000,-1.014957,0.883676,0.032129,1.000000,1.000000,
4083806.555626,521791.743119,50.642388,541.219999,121.111234,-0.114255,-1.006468,0.901755,0.039810,1.000000,1.000000,
4083806.004537,521792.644874,50.647435,542.263847,121.122783,-0.121000,-1.002000,0.915120,0.000882,1.000000,1.000000,
4083805.451141,521793.559994,50.637441,543.349468,121.121043,-0.104809,-1.006383,0.901028,-0.003711,1.000000,1.000000,
4083804.913566,521794.461021,50.618479,544.413676,121.128161,-0.090387,-0.997935,0.912455,-0.010252,1.000000,1.000000,
4083804.363083,521795.373476,50.628919,545.475564,121.118000,-0.123081,-1.001242,0.896551,-0.007246,1.000000,1.000000,
4083803.826276,521796.270028,50.633244,546.520870,121.099761,-0.126174,-1.006587,0.889776,0.020057,1.000000,1.000000,
4083803.285062,521797.159804,50.630256,547.565209,121.110581,-0.118581,-1.014371,0.894246,-0.009178,1.000000,1.000000,
4083802.747514,521798.054049,50.628063,548.607999,121.110660,-0.108319,-1.004702,0.879154,-0.040422,1.000000,1.000000,
4083802.214652,521798.933204,50.625905,549.650000,121.105362,-0.113362,-1.002723,0.891766,-0.078963,1.000000,1.000000,
4083801.676416,521799.824969,50.625787,550.685257,121.104742,-0.093581,-1.007629,0.896714,-0.131472,1.000000,1.000000,
4083801.141706,521800.721683,50.618154,551.744403,121.119574,-0.096000,-1.006702,0.898954,-0.185665,1.000000,1.000000,
4083800.597661,521801.620638,50.632299,552.791000,121.117810,-0.118714,-1.007524,0.898624,-0.213329,1.000000,1.000000,
4083800.059529,521802.519262,50.638731,553.835915,121.099979,-0.111489,-1.003979,0.908504,-0.245731,1.000000,1.000000,
4083799.509060,521803.427765,50.640977,554.905999,121.097574,-0.086191,-1.007617,0.905532,-0.265973,1.000000,1.000000,
4083798.962701,521804.333298,50.636070,555.963000,121.097000,-0.092333,-1.002000,0.903491,-0.292577,1.000000,1.000000,
4083798.427167,521805.236790,50.641056,557.015043,121.096766,-0.122000,-1.010766,0.902831,-0.302713,1.000000,1.000000,
4083797.885111,521806.139620,50.641402,558.077658,121.104043,-0.107957,-1.015043,0.901493,-0.331171,1.000000,1.000000,
4083797.331215,521807.041114,50.647859,559.130935,121.104652,-0.091304,-1.019674,0.909720,-0.381083,1.000000,1.000000,
4083796.792520,521807.950834,50.632921,560.209022,121.105109,-0.086957,-1.021022,0.931134,-0.478410,1.000000,1.000000,
4083796.231721,521808.881967,50.646345,561.286160,121.118097,-0.098903,-1.020903,0.927301,-0.568300,1.000000,1.000000,
4083795.676368,521809.809268,50.641670,562.372850,121.105213,-0.093213,-1.014638,0.920730,-0.634650,1.000000,1.000000,
4083795.134622,521810.729999,50.636833,563.457674,121.110609,-0.109587,-1.007804,0.926612,-0.670260,1.000000,1.000000,
4083794.571033,521811.656610,50.636300,564.538402,121.132226,-0.095855,-1.012629,0.914567,-0.671422,1.000000,1.000000,
4083794.029533,521812.571178,50.636448,565.606850,121.127128,-0.093511,-1.018255,0.910571,-0.666413,1.000000,1.000000,
4083793.478427,521813.481749,50.627389,566.665000,121.110714,-0.105571,-1.007714,0.908032,-0.673788,1.000000,1.000000,
4083792.926674,521814.389780,50.624516,567.730338,121.077952,-0.099000,-1.004000,0.919503,-0.693502,1.000000,1.000000,
4083792.371085,521815.309283,50.632459,568.811637,121.070723,-0.100915,-1.005362,0.923630,-0.735014,1.000000,1.000000,
4083791.818970,521816.232915,50.643949,569.896937,121.102270,-0.104492,-1.006508,0.893730,-0.753130,1.000000,1.000000,
4083791.277168,521817.126644,50.622437,570.939616,121.129596,-0.100298,-1.011192,0.853860,-0.705117,1.000000,1.000000,
4083790.749804,521817.980504,50.612203,571.963637,121.136787,-0.102000,-1.014425,0.905248,-0.756043,1.000000,1.000000,
4083790.215700,521818.885753,50.628121,573.003397,121.121000,-0.103698,-1.013175,0.911125,-0.776800,1.000000,1.000000,
4083789.674763,521819.796879,50.628506,574.071213,121.114596,-0.127128,-1.006723,0.897873,-0.770552,1.000000,1.000000,
4083789.118276,521820.694751,50.620912,575.132096,121.098258,-0.102387,-1.012387,0.902439,-0.795724,1.000000,1.000000,
4083788.586028,521821.597190,50.623684,576.176239,121.094457,-0.100261,-1.014196,0.913218,-0.816202,1.000000,1.000000,
4083788.048805,521822.510408,50.614630,577.240239,121.086478,-0.113283,-1.015761,0.894840,-0.817477,1.000000,1.000000,
4083787.501774,521823.405248,50.646073,578.287064,121.109548,-0.095129,-1.020419,0.913015,-0.860498,1.000000,1.000000,
4083786.968512,521824.318264,50.621243,579.342553,121.112681,-0.114277,-1.019085,0.890670,-0.853564,1.000000,1.000000,
4083786.431909,521825.208933,50.617783,580.389873,121.110095,-0.112000,-1.015889,0.860343,-0.774102,1.000000,1.000000,
4083785.898631,521826.069275,50.624952,581.395063,121.151234,-0.115915,-1.012851,0.869876,-0.712597,1.000000,1.000000,
4083785.378200,521826.939152,50.628027,582.418681,121.122489,-0.107915,-1.016085,0.857176,-0.626211,1.000000,1.000000,
4083784.857687,521827.796328,50.637832,583.419190,121.071587,-0.094000,-1.011762,0.855183,-0.533640,1.000000,1.000000,
4083784.340398,521828.651510,50.629674,584.432190,121.083149,-0.089745,-1.010596,0.872723,-0.480294,1.000000,1.000000,
4083783.807534,521829.524234,50.635834,585.455809,121.110447,-0.131000,-1.019000,0.872101,-0.424828,1.000000,1.000000,
4083783.297883,521830.396335,50.618388,586.468702,121.115851,-0.107213,-1.011574,0.867418,-0.354360,1.000000,1.000000,
4083782.760911,521831.263753,50.631669,587.500318,121.131426,-0.097255,-1.004085,0.867889,-0.295553,1.000000,1.000000,
4083782.250910,521832.131642,50.619506,588.510999,121.147532,-0.105149,-1.000915,0.863544,-0.260482,1.000000,1.000000,
4083781.730390,521832.995187,50.632177,589.505254,121.083159,-0.078079,-1.006984,0.865376,-0.272611,1.000000,1.000000,
4083781.218595,521833.860563,50.617399,590.531000,121.105043,-0.097723,-1.013362,0.876144,-0.287788,1.000000,1.000000,
4083780.681459,521834.736706,50.628763,591.555257,121.127581,-0.118452,-1.009000,0.880095,-0.304723,1.000000,1.000000,
4083780.160085,521835.616802,50.639297,592.573848,121.099478,-0.116717,-1.012804,0.855748,-0.294990,1.000000,1.000000,
4083779.639394,521836.472549,50.638342,593.582109,121.100283,-0.083457,-1.009457,0.849660,-0.288759,1.000000,1.000000,
4083779.128673,521837.322209,50.635241,594.574935,121.108645,-0.084258,-1.016258,0.871758,-0.355875,1.000000,1.000000,
4083778.606581,521838.193968,50.645870,595.595255,121.079404,-0.124596,-1.011000,0.890049,-0.528131,1.000000,1.000000,
4083778.075346,521839.084017,50.654418,596.631603,121.074349,-0.108698,-1.015476,0.889067,-0.742779,1.000000,1.000000,
4083777.539132,521839.973083,50.654436,597.671765,121.105383,-0.110213,-1.016809,0.885813,-1.038353,1.000000,1.000000,
4083777.006797,521840.858897,50.645941,598.711383,121.121106,-0.111596,-1.007298,0.892828,-1.426982,1.000000,1.000000,
4083776.471459,521841.751724,50.637642,599.752032,121.145492,-0.102746,-1.013762,0.885413,-1.901093,1.000000,1.000000,
4083775.927789,521842.637136,50.639254,600.794892,121.104638,-0.104277,-1.016362,0.891910,-2.533551,1.000000,1.000000,
4083775.401970,521843.529047,50.657252,601.833274,121.113145,-0.119565,-1.012855,0.867402,-3.259272,1.000000,1.000000,
4083774.879872,521844.396449,50.644050,602.844000,121.100298,-0.126574,-0.993149,0.875896,-4.017543,1.000000,1.000000,
4083774.350780,521845.272344,50.649361,603.879020,121.111511,-0.115234,-1.002362,0.899738,-4.891877,1.000000,1.000000,
4083773.815852,521846.172082,50.644038,604.922596,121.103742,-0.095371,-1.001887,0.886874,-5.759173,1.000000,1.000000,
4083773.281133,521847.058957,50.639725,605.962761,121.106587,-0.095587,-0.995391,0.878677,-6.610298,1.000000,1.000000,
4083772.749942,521847.937635,50.643344,607.002149,121.106574,-0.100426,-1.009000,0.893503,-7.482942,1.000000,1.000000,
4083772.218611,521848.831137,50.648036,608.032212,121.051830,-0.116106,-1.002000,0.891855,-8.371325,1.000000,1.000000,
4083771.676453,521849.722993,50.645323,609.086804,121.107739,-0.114043,-1.002978,0.893232,-9.242669,1.000000,1.000000,
4083771.137908,521850.616225,50.657626,610.128500,121.113500,-0.092500,-1.011000,0.894027,-10.137419,1.000000,1.000000,
4083770.590318,521851.510252,50.653996,611.179680,121.120085,-0.118915,-1.008915,0.920994,-11.113733,1.000000,1.000000,
4083770.042896,521852.431246,50.650902,612.228000,121.104226,-0.115000,-1.009032,0.909490,-12.062785,1.000000,1.000000,
4083769.501683,521853.340737,50.653822,613.325000,121.129000,-0.124333,-1.009000,0.904025,-13.011191,1.000000,1.000000,
4083768.956059,521854.244760,50.652439,614.381467,121.095958,-0.119192,-0.998575,0.903983,-13.959442,1.000000,1.000000,
4083768.414901,521855.148744,50.650269,615.448170,121.089553,-0.107979,-1.002447,0.900168,-14.884882,1.000000,1.000000,
4083767.874524,521856.048912,50.664873,616.483524,121.100381,-0.087095,-1.004286,0.891164,-15.789869,1.000000,1.000000,
4083767.335343,521856.940075,50.670188,617.539573,121.103000,-0.123277,-1.008277,0.899772,-16.721698,1.000000,1.000000,
4083766.800845,521857.839848,50.663793,618.603532,121.101000,-0.117532,-1.015790,0.891094,-17.635725,1.000000,1.000000,
4083766.255336,521858.730942,50.667712,619.636106,121.109447,-0.095191,-1.013000,0.859328,-18.487996,1.000000,1.000000,
4083765.738907,521859.590270,50.653761,620.632999,121.100021,-0.090319,-1.018660,0.817130,-19.248866,1.000000,1.000000,
4083765.254553,521860.407401,50.648573,621.590468,121.104629,-0.087371,-1.017839,0.827392,-20.025946,1.000000,1.000000,
4083764.756054,521861.234793,50.665101,622.559413,121.118652,-0.093413,-1.025174,0.812119,-20.760863,1.000000,1.000000,
4083764.266153,521862.046912,50.672119,623.504870,121.097081,-0.093758,-1.014839,0.793927,-21.492516,1.000000,1.000000,
4083763.767269,521862.840839,50.658556,624.438488,121.104489,-0.112979,-1.014468,0.784821,-22.206967,1.000000,1.000000,
4083763.315787,521863.625661,50.646939,625.344660,121.095191,-0.105574,-1.017617,0.749789,-22.833189,1.000000,1.000000,
4083762.871380,521864.375449,50.650431,626.207761,121.105674,-0.099783,-1.014783,0.693275,-23.328881,1.000000,1.000000,
4083762.454381,521865.068724,50.673687,627.011999,121.108255,-0.085000,-1.016766,0.652916,-23.745640,1.000000,1.000000,
4083762.059252,521865.721640,50.679657,627.755609,121.089130,-0.085217,-1.013043,0.568019,-23.992627,1.000000,1.000000,
4083761.725619,521866.289659,50.668695,628.402000,121.108000,-0.100000,-1.006548,0.477524,-24.053386,1.000000,1.000000,
4083761.442993,521866.767182,50.670924,628.954680,121.109000,-0.109021,-0.998021,0.373083,-23.912818,1.000000,1.000000,
4083761.191852,521867.140266,50.678322,629.391574,121.105277,-0.112277,-1.005000,0.257633,-23.533985,1.000000,1.000000,
4083761.032033,521867.397899,50.684418,629.665277,121.101000,-0.107915,-1.003085,0.155223,-22.976350,0.000000,1.000000,
4083760.961689,521867.553121,50.659232,629.837000,121.095213,-0.099213,-1.000426,0.088272,-22.276468,0.000000,1.000000,
4083760.904219,521867.641393,50.655314,629.931000,121.093936,-0.099489,-1.001000,0.014017,-21.400973,0.000000,1.000000,
4083760.900839,521867.655410,50.661366,629.947000,121.093000,-0.098000,-1.001000,0.008579,-20.531078,0.000000,1.000000,
4083760.894786,521867.663989,50.670128,629.947000,121.092000,-0.098000,-1.001000,0.003792,-19.658837,0.000000,1.000000,
4083760.894628,521867.660198,50.664327,629.947000,121.091000,-0.099000,-1.000000,0.001144,-18.765771,0.000000,1.000000,
4083760.900172,521867.661341,50.663441,629.947000,121.091000,-0.099000,-1.000000,0.000487,-17.873351,0.000000,1.000000,
4083760.901415,521867.661828,50.657455,629.947000,121.091000,-0.099000,-1.000000,0.002106,-16.983440,0.000000,1.000000,
4083760.892647,521867.659722,50.667633,629.947000,121.091000,-0.099000,-1.000000,0.002635,-16.093985,0.000000,1.000000,
4083760.895598,521867.657087,50.669356,629.947000,121.091000,-0.099000,-1.000000,0.005331,-15.183568,0.000000,1.000000,
4083760.894403,521867.662419,50.664802,629.947000,121.091000,-0.099000,-1.000000,0.000053,-14.271262,0.000000,1.000000,
4083760.887536,521867.662471,50.679285,629.947000,121.091000,-0.099000,-1.000000,0.002468,-13.370384,0.000000,1.000000,
4083760.892107,521867.660004,50.675518,629.947000,121.091000,-0.099000,-1.000000,0.004531,-12.470287,0.000000,1.000000,
4083760.895804,521867.655472,50.671408,629.947000,121.091000,-0.099000,-1.000000,0.002173,-11.571410,0.000000,1.000000,
4083760.888481,521867.657645,50.676175,629.947000,121.091000,-0.099000,-1.000000,0.005240,0.000000,0.000000,1.000000,
4083760.889596,521867.662885,50.676708,629.947000,121.091000,-0.099000,-1.000000,0.000297,0.000000,0.000000,1.000000,
4083760.887644,521867.662588,50.678308,629.947000,121.091000,-0.099000,-1.000000,0.000272,0.000000,0.000000,1.000000,
4083760.895704,521867.662860,50.672900,629.947000,121.091000,-0.099000,-1.000000,0.002841,0.000000,0.000000,1.000000,
4083760.888248,521867.665701,50.674181,629.947000,121.091000,-0.099000,-1.000000,0.008015,0.000000,0.000000,1.000000,
4083760.895900,521867.657686,50.656627,629.947000,121.091000,-0.099000,-1.000000,0.001560,0.000000,0.000000,1.000000,
4083760.897463,521867.659246,50.668377,629.947000,121.091000,-0.099000,-1.000000,0.009227,0.000000,0.000000,1.000000,
4083760.896413,521867.668473,50.688302,629.947000,121.091000,-0.099000,-1.000000,0.000454,0.000000,0.000000,1.000000,
4083760.892560,521867.668928,50.687273,629.947000,121.091000,-0.099000,-1.000000,0.005530,0.000000,0.000000,1.000000,
4083760.898323,521867.663397,50.678075,629.947000,121.090000,-0.099000,-1.000000,0.001597,0.000000,0.000000,1.000000,
4083760.895743,521867.664995,50.682185,629.947000,121.090000,-0.099000,-1.000000,0.000809,0.000000,0.000000,1.000000,
4083760.892064,521867.664186,50.683420,629.947000,121.091000,-0.099000,-1.000000,0.000006,0.000000,0.000000,1.000000,
4083760.889699,521867.664192,50.686904,629.947000,121.090516,-0.099000,-1.000000,0.003237,0.000000,0.000000,1.000000,
4083760.892875,521867.667429,50.688348,629.947000,121.090000,-0.099000,-1.000000,0.001461,0.000000,0.000000,1.000000,
4083760.886895,521867.668890,50.686825,629.947000,121.090000,-0.099000,-1.000000,0.001322,0.000000,0.000000,1.000000,
4083760.881160,521867.670212,50.692640,629.947000,121.090000,-0.099000,-1.000000,0.002189,0.000000,0.000000,1.000000,
4083760.889717,521867.672401,50.696572,629.947000,121.091000,-0.099000,-1.000000,0.000678,0.000000,0.000000,1.000000,
4083760.887866,521867.671724,50.693871,629.947000,121.091000,-0.099000,-1.000000,0.000530,0.000000,0.000000,1.000000,
4083760.881277,521867.671194,50.692821,629.947000,121.090000,-0.099000,-1.000000,0.003791,0.000000,0.000000,1.000000,
4083760.886311,521867.667403,50.685099,629.947000,121.090000,-0.099000,-1.000000,0.000180,0.000000,0.000000,1.000000,
4083760.883943,521867.667224,50.690587,629.947000,121.090000,-0.099000,-1.000000,0.001147,0.000000,0.000000,1.000000,
4083760.881729,521867.668370,50.691542,629.947000,121.090000,-0.099000,-1.000000,0.001851,0.000000,0.000000,1.000000,
4083760.885175,521867.670221,50.675626,629.947000,121.090000,-0.099000,-1.000000,0.001538,0.000000,0.000000,1.000000,
4083760.886729,521867.668683,50.689545,629.947000,121.090000,-0.099000,-1.000000,0.000891,0.000000,0.000000,1.000000,
4083760.883323,521867.669574,50.696253,629.947000,121.090000,-0.099000,-1.000000,0.000698,0.000000,0.000000,1.000000,
4083760.881921,521867.668876,50.687622,629.947000,121.090000,-0.099000,-1.000000,0.000086,0.000000,0.000000,1.000000,
4083760.884465,521867.668963,50.685898,629.947000,121.090000,-0.099000,-1.000000,0.002921,0.000000,0.000000,1.000000,
4083760.887660,521867.671884,50.690981,629.947000,121.090000,-0.099000,-1.000000,0.001788,0.000000,0.000000,1.000000,
4083760.882959,521867.673672,50.696751,629.947000,121.090000,-0.099000,-1.000000,0.005177,0.000000,0.000000,1.000000,
4083760.878798,521867.668494,50.688284,629.947000,121.090000,-0.099000,-1.000000,0.003055,0.000000,0.000000,1.000000,
4083760.877951,521867.671549,50.694254,629.947000,121.090000,-0.099000,-1.000000,0.000050,0.000000,0.000000,1.000000,
4083760.870028,521867.639350,50.581746,629.947000,121.090023,-0.098995,-1.000003,
