521328.71804,521328.71875,-0.00071,4084094.74904,4084094.75000,-0.00096,50.53656,50.53670,-0.00014,0.00120
521328.71804,521328.71875,-0.00071,4084094.74904,4084094.75000,-0.00096,50.53656,50.53670,-0.00014,0.00120
521328.71804,521328.71875,-0.00071,4084094.74904,4084094.75000,-0.00096,50.53656,50.53670,-0.00014,0.00120
521328.71804,521328.71875,-0.00071,4084094.74904,4084094.75000,-0.00096,50.53656,50.53670,-0.00014,0.00120
521328.71804,521328.71875,-0.00071,4084094.74904,4084094.75000,-0.00096,50.53656,50.53670,-0.00014,0.00120
521328.71804,521328.71875,-0.00071,4084094.74904,4084094.75000,-0.00096,50.53656,50.53670,-0.00014,0.00120
521328.71804,521328.71875,-0.00071,4084094.74904,4084094.75000,-0.00096,50.53656,50.53670,-0.00014,0.00120
521328.71804,521328.71875,-0.00071,4084094.74904,4084094.75000,-0.00096,50.53656,50.53670,-0.00014,0.00120
521328.74929,521328.75000,-0.00071,4084094.74904,4084094.75000,-0.00096,50.53656,50.53670,-0.00014,0.00120
521328.74929,521328.75000,-0.00071,4084094.74904,4084094.75000,-0.00096,50.53656,50.53670,-0.00014,0.00120
521328.74929,521328.75000,-0.00071,4084094.74904,4084094.75000,-0.00096,50.53656,50.53670,-0.00014,0.00120
521328.74929,521328.75000,-0.00071,4084094.74904,4084094.75000,-0.00096,50.53656,50.53670,-0.00014,0.00120
521328.74929,521328.75000,-0.00071,4084094.74904,4084094.75000,-0.00096,50.53656,50.53670,-0.00014,0.00120
521328.74929,521328.75000,-0.00071,4084094.74904,4084094.75000,-0.00096,50.53656,50.53670,-0.00014,0.00120
521328.78054,521328.78125,-0.00071,4084094.74904,4084094.75000,-0.00096,50.53656,50.53670,-0.00014,0.00120
521328.78054,521328.78125,-0.00071,4084094.74904,4084094.75000,-0.00096,50.53656,50.53670,-0.00014,0.00120
521328.78054,521328.78125,-0.00071,4084094.74904,4084094.75000,-0.00096,50.53656,50.53670,-0.00014,0.00120
521328.78054,521328.78125,-0.00071,4084094.74904,4084094.75000,-0.00096,50.53656,50.53670,-0.00014,0.00120
521328.78054,521328.78125,-0.00071,4084094.74904,4084094.75000,-0.00096,50.53656,50.53670,-0.00014,0.00120
521328.78054,521328.78125,-0.00071,4084094.74904,4084094.75000,-0.00096,50.53656,50.53670,-0.00014,0.00120
521328.78054,521328.78125,-0.00071,4084094.74905,4084094.75000,-0.00095,50.53656,50.53670,-0.00014,0.00120
521328.78054,521328.78125,-0.00071,4084094.74905,4084094.75000,-0.00095,50.53656,50.53670,-0.00014,0.00120
521328.81179,521328.81250,-0.00071,4084094.74905,4084094.75000,-0.00095,50.53656,50.53670,-0.00014,0.00120
521328.81179,521328.81250,-0.00071,4084094.74905,4084094.75000,-0.00095,50.53656,50.53670,-0.00014,0.00120
521328.81179,521328.81250,-0.00071,4084094.74905,4084094.75000,-0.00095,50.53656,50.53670,-0.00014,0.00120
521328.81179,521328.81250,-0.00071,4084094.74905,4084094.75000,-0.00095,50.53657,50.53671,-0.00014,0.00120
521328.81179,521328.81250,-0.00071,4084094.74905,4084094.75000,-0.00095,50.53657,50.53671,-0.00014,0.00120
521328.81179,521328.81250,-0.00071,4084094.74905,4084094.75000,-0.00095,50.53657,50.53671,-0.00014,0.00120
521328.84304,521328.84375,-0.00071,4084094.74905,4084094.75000,-0.00095,50.53657,50.53671,-0.00014,0.00120
521328.84304,521328.84375,-0.00071,4084094.74905,4084094.75000,-0.00095,50.53657,50.53671,-0.00014,0.00120
521328.84304,521328.84375,-0.00071,4084094.74905,4084094.75000,-0.00095,50.53657,50.53671,-0.00014,0.00120
521328.84304,521328.84375,-0.00071,4084094.74905,4084094.75000,-0.00095,50.53657,50.53671,-0.00014,0.00120
521328.84304,521328.84375,-0.00071,4084094.74905,4084094.75000,-0.00095,50.53657,50.53671,-0.00014,0.00120
521328.87429,521328.87500,-0.00071,4084094.74905,4084094.75000,-0.00095,50.53657,50.53671,-0.00014,0.00120
521328.87429,521328.87500,-0.00071,4084094.74905,4084094.75000,-0.00095,50.53657,50.53671,-0.00014,0.00120
521328.87429,521328.87500,-0.00071,4084094.74905,4084094.75000,-0.00095,50.53657,50.53671,-0.00014,0.00120
521328.87429,521328.87500,-0.00071,4084094.74905,4084094.75000,-0.00095,50.53657,50.53671,-0.00014,0.00120
521328.87429,521328.87500,-0.00071,4084094.74905,4084094.75000,-0.00095,50.53657,50.53671,-0.00014,0.00120
521328.90554,521328.90625,-0.00071,4084094.74905,4084094.75000,-0.00095,50.53658,50.53672,-0.00014,0.00120
521328.90554,521328.90625,-0.00071,4084094.74905,4084094.75000,-0.00095,50.53658,50.53672,-0.00014,0.00120
521328.90554,521328.90625,-0.00071,4084094.74905,4084094.75000,-0.00095,50.53658,50.53672,-0.00014,0.00119
521328.93679,521328.93750,-0.00071,4084094.49905,4084094.50000,-0.00095,50.53658,50.53672,-0.00014,0.00119
521328.93679,521328.93750,-0.00071,4084094.49905,4084094.50000,-0.00095,50.53658,50.53672,-0.00014,0.00119
521328.93679,521328.93750,-0.00071,4084094.49905,4084094.50000,-0.00095,50.53658,50.53672,-0.00014,0.00119
521328.96804,521328.96875,-0.00071,4084094.49905,4084094.50000,-0.00095,50.53658,50.53672,-0.00014,0.00119
521328.96804,521328.96875,-0.00071,4084094.49905,4084094.50000,-0.00095,50.53658,50.53672,-0.00014,0.00119
521328.96804,521328.96875,-0.00071,4084094.49905,4084094.50000,-0.00095,50.53658,50.53672,-0.00014,0.00119
521328.96804,521328.96875,-0.00071,4084094.49905,4084094.50000,-0.00095,50.53658,50.53672,-0.00014,0.00119
521328.99929,521329.00000,-0.00071,4084094.49905,4084094.50000,-0.00095,50.53658,50.53672,-0.00014,0.00119
521328.99929,521329.00000,-0.00071,4084094.49905,4084094.50000,-0.00095,50.53658,50.53672,-0.00014,0.00119
521328.99929,521329.00000,-0.00071,4084094.49906,4084094.50000,-0.00094,50.53658,50.53672,-0.00014,0.00119
521329.03054,521329.03125,-0.00071,4084094.49906,4084094.50000,-0.00094,50.53659,50.53673,-0.00014,0.00119
521329.03054,521329.03125,-0.00071,4084094.49906,4084094.50000,-0.00094,50.53659,50.53673,-0.00014,0.00119
521329.06179,521329.06250,-0.00071,4084094.49906,4084094.50000,-0.00094,50.53659,50.53673,-0.00014,0.00119
521329.06179,521329.06250,-0.00071,4084094.49906,4084094.50000,-0.00094,50.53659,50.53673,-0.00014,0.00119
521329.06179,521329.06250,-0.00071,4084094.49906,4084094.50000,-0.00094,50.53659,50.53673,-0.00014,0.00119
521329.09304,521329.09375,-0.00071,4084094.49906,4084094.50000,-0.00094,50.53660,50.53674,-0.00014,0.00119
521329.09304,521329.09375,-0.00071,4084094.49906,4084094.50000,-0.00094,50.53660,50.53674,-0.00014,0.00119
521329.09304,521329.09375,-0.00071,4084094.49906,4084094.50000,-0.00094,50.53660,50.53674,-0.00014,0.00119
521329.12429,521329.12500,-0.00071,4084094.49906,4084094.50000,-0.00094,50.53660,50.53674,-0.00014,0.00119
521329.12429,521329.12500,-0.00071,4084094.49906,4084094.50000,-0.00094,50.53660,50.53674,-0.00014,0.00119
521329.15554,521329.15625,-0.00071,4084094.49906,4084094.50000,-0.00094,50.53660,50.53674,-0.00014,0.00119
521329.15554,521329.15625,-0.00071,4084094.49906,4084094.50000,-0.00094,50.53660,50.53674,-0.00014,0.00119
521329.18679,521329.18750,-0.00071,4084094.49906,4084094.50000,-0.00094,50.53661,50.53675,-0.00014,0.00119
521329.18679,521329.18750,-0.00071,4084094.49906,4084094.50000,-0.00094,50.53661,50.53675,-0.00014,0.00119
521329.21804,521329.21875,-0.00071,4084094.49906,4084094.50000,-0.00094,50.53661,50.53675,-0.00014,0.00119
521329.21804,521329.21875,-0.00071,4084094.49906,4084094.50000,-0.00094,50.53661,50.53675,-0.00014,0.00119
521329.24929,521329.25000,-0.00071,4084094.49906,4084094.50000,-0.00094,50.53661,50.53675,-0.00014,0.00119
521329.24929,521329.25000,-0.00071,4084094.49906,4084094.50000,-0.00094,50.53661,50.53675,-0.00014,0.00119
521329.24929,521329.25000,-0.00071,4084094.49906,4084094.50000,-0.00094,50.53661,50.53675,-0.00014,0.00119
521329.28054,521329.28125,-0.00071,4084094.49906,4084094.50000,-0.00094,50.53660,50.53674,-0.00014,0.00119
521329.31179,521329.31250,-0.00071,4084094.49906,4084094.50000,-0.00094,50.53660,50.53674,-0.00014,0.00119
521329.31179,521329.31250,-0.00071,4084094.49906,4084094.50000,-0.00094,50.53660,50.53674,-0.00014,0.00119
521329.34304,521329.34375,-0.00071,4084094.49906,4084094.50000,-0.00094,50.53660,50.53674,-0.00014,0.00119
521329.34304,521329.34375,-0.00071,4084094.24906,4084094.25000,-0.00094,50.53660,50.53674,-0.00014,0.00119
521329.37429,521329.37500,-0.00071,4084094.24906,4084094.25000,-0.00094,50.53659,50.53673,-0.00014,0.00119
521329.37429,521329.37500,-0.00071,4084094.24906,4084094.25000,-0.00094,50.53659,50.53673,-0.00014,0.00119
521329.40554,521329.40625,-0.00071,4084094.24906,4084094.25000,-0.00094,50.53659,50.53673,-0.00014,0.00119
521329.40554,521329.40625,-0.00071,4084094.24906,4084094.25000,-0.00094,50.53659,50.53673,-0.00014,0.00119
521329.43679,521329.43750,-0.00071,4084094.24906,4084094.25000,-0.00094,50.53659,50.53673,-0.00014,0.00119
521329.43679,521329.43750,-0.00071,4084094.24906,4084094.25000,-0.00094,50.53659,50.53673,-0.00014,0.00119
521329.46804,521329.46875,-0.00071,4084094.24906,4084094.25000,-0.00094,50.53659,50.53673,-0.00014,0.00119
521329.46804,521329.46875,-0.00071,4084094.24906,4084094.25000,-0.00094,50.53659,50.53673,-0.00014,0.00118
521329.49929,521329.50000,-0.00071,4084094.24906,4084094.25000,-0.00094,50.53659,50.53673,-0.00014,0.00118
521329.53054,521329.53125,-0.00071,4084094.24906,4084094.25000,-0.00094,50.53659,50.53673,-0.00014,0.00118
521329.53054,521329.53125,-0.00071,4084094.24906,4084094.25000,-0.00094,50.53660,50.53674,-0.00014,0.00118
521329.56179,521329.56250,-0.00071,4084094.24906,4084094.25000,-0.00094,50.53660,50.53674,-0.00014,0.00118
521329.56179,521329.56250,-0.00071,4084094.24906,4084094.25000,-0.00094,50.53661,50.53675,-0.00014,0.00118
521329.59304,521329.59375,-0.00071,4084094.24906,4084094.25000,-0.00094,50.53662,50.53676,-0.00014,0.00118
521329.59304,521329.59375,-0.00071,4084094.24906,4084094.25000,-0.00094,50.53662,50.53676,-0.00014,0.00118
521329.62429,521329.62500,-0.00071,4084094.24906,4084094.25000,-0.00094,50.53663,50.53677,-0.00014,0.00118
521329.65554,521329.65625,-0.00071,4084094.24906,4084094.25000,-0.00094,50.53664,50.53678,-0.00014,0.00118
521329.65554,521329.65625,-0.00071,4084094.24906,4084094.25000,-0.00094,50.53664,50.53678,-0.00014,0.00118
521329.68679,521329.68750,-0.00071,4084094.24906,4084094.25000,-0.00094,50.53664,50.53678,-0.00014,0.00118
521329.68679,521329.68750,-0.00071,4084094.24906,4084094.25000,-0.00094,50.53664,50.53678,-0.00014,0.00118
521329.71804,521329.71875,-0.00071,4084094.24907,4084094.25000,-0.00093,50.53664,50.53678,-0.00014,0.00118
521329.74929,521329.75000,-0.00071,4084094.24907,4084094.25000,-0.00093,50.53664,50.53678,-0.00014,0.00118
521329.74929,521329.75000,-0.00071,4084094.24907,4084094.25000,-0.00093,50.53664,50.53678,-0.00014,0.00118
521329.78054,521329.78125,-0.00071,4084093.99907,4084094.00000,-0.00093,50.53665,50.53679,-0.00014,0.00118
521329.78054,521329.78125,-0.00071,4084093.99907,4084094.00000,-0.00093,50.53665,50.53679,-0.00014,0.00118
521329.81179,521329.81250,-0.00071,4084093.99907,4084094.00000,-0.00093,50.53665,50.53679,-0.00014,0.00118
521329.84304,521329.84375,-0.00071,4084093.99907,4084094.00000,-0.00093,50.53666,50.53680,-0.00014,0.00118
521329.84304,521329.84375,-0.00071,4084093.99907,4084094.00000,-0.00093,50.53667,50.53681,-0.00014,0.00118
521329.87429,521329.87500,-0.00071,4084093.99907,4084094.00000,-0.00093,50.53667,50.53681,-0.00014,0.00118
521329.87429,521329.87500,-0.00071,4084093.99907,4084094.00000,-0.00093,50.53668,50.53682,-0.00014,0.00118
521329.90554,521329.90625,-0.00071,4084093.99907,4084094.00000,-0.00093,50.53668,50.53682,-0.00014,0.00118
521329.93679,521329.93750,-0.00071,4084093.99907,4084094.00000,-0.00093,50.53668,50.53682,-0.00014,0.00118
521329.93679,521329.93750,-0.00071,4084093.99907,4084094.00000,-0.00093,50.53668,50.53682,-0.00014,0.00118
521329.96804,521329.96875,-0.00071,4084093.99907,4084094.00000,-0.00093,50.53668,50.53682,-0.00014,0.00118
521329.99929,521330.00000,-0.00071,4084093.99907,4084094.00000,-0.00093,50.53668,50.53682,-0.00014,0.00118
521330.03054,521330.03125,-0.00071,4084093.99907,4084094.00000,-0.00093,50.53668,50.53682,-0.00014,0.00118
521330.03054,521330.03125,-0.00071,4084093.99907,4084094.00000,-0.00093,50.53668,50.53682,-0.00014,0.00118
521330.06179,521330.06250,-0.00071,4084093.99907,4084094.00000,-0.00093,50.53667,50.53681,-0.00014,0.00118
521330.06179,521330.06250,-0.00071,4084093.99907,4084094.00000,-0.00093,50.53667,50.53681,-0.00014,0.00118
521330.09304,521330.09375,-0.00071,4084093.99907,4084094.00000,-0.00093,50.53666,50.53680,-0.00014,0.00118
521330.12429,521330.12500,-0.00071,4084093.99907,4084094.00000,-0.00093,50.53665,50.53679,-0.00014,0.00118
521330.12429,521330.12500,-0.00071,4084093.99907,4084094.00000,-0.00093,50.53663,50.53677,-0.00014,0.00118
521330.15554,521330.15625,-0.00071,4084093.99907,4084094.00000,-0.00093,50.53662,50.53676,-0.00014,0.00118
521330.18679,521330.18750,-0.00071,4084093.74907,4084093.75000,-0.00093,50.53661,50.53675,-0.00014,0.00118
521330.18679,521330.18750,-0.00071,4084093.74907,4084093.75000,-0.00093,50.53660,50.53674,-0.00014,0.00118
521330.21804,521330.21875,-0.00071,4084093.74907,4084093.75000,-0.00093,50.53659,50.53673,-0.00014,0.00118
521330.24929,521330.25000,-0.00071,4084093.74907,4084093.75000,-0.00093,50.53658,50.53672,-0.00014,0.00118
521330.24929,521330.25000,-0.00071,4084093.74907,4084093.75000,-0.00093,50.53658,50.53672,-0.00014,0.00118
521330.28054,521330.28125,-0.00071,4084093.74907,4084093.75000,-0.00093,50.53657,50.53671,-0.00014,0.00118
521330.31179,521330.31250,-0.00071,4084093.74907,4084093.75000,-0.00093,50.53656,50.53670,-0.00014,0.00118
521330.31179,521330.31250,-0.00071,4084093.74907,4084093.75000,-0.00093,50.53655,50.53669,-0.00014,0.00118
521330.34304,521330.34375,-0.00071,4084093.74907,4084093.75000,-0.00093,50.53654,50.53668,-0.00014,0.00118
521330.34304,521330.34375,-0.00071,4084093.74907,4084093.75000,-0.00093,50.53653,50.53667,-0.00014,0.00118
521330.37429,521330.37500,-0.00071,4084093.74907,4084093.75000,-0.00093,50.53652,50.53666,-0.00014,0.00118
521330.40554,521330.40625,-0.00071,4084093.74907,4084093.75000,-0.00093,50.53651,50.53665,-0.00014,0.00118
521330.43679,521330.43750,-0.00071,4084093.74907,4084093.75000,-0.00093,50.53649,50.53663,-0.00014,0.00118
521330.43679,521330.43750,-0.00071,4084093.74907,4084093.75000,-0.00093,50.53648,50.53662,-0.00014,0.00118
521330.46804,521330.46875,-0.00071,4084093.74907,4084093.75000,-0.00093,50.53646,50.53660,-0.00014,0.00118
521330.46804,521330.46875,-0.00071,4084093.74907,4084093.75000,-0.00093,50.53645,50.53659,-0.00014,0.00118
521330.49929,521330.50000,-0.00071,4084093.74907,4084093.75000,-0.00093,50.53644,50.53658,-0.00014,0.00118
521330.53054,521330.53125,-0.00071,4084093.74907,4084093.75000,-0.00093,50.53642,50.53656,-0.00014,0.00118
521330.53054,521330.53125,-0.00071,4084093.74907,4084093.75000,-0.00093,50.53641,50.53655,-0.00014,0.00118
521330.56179,521330.56250,-0.00071,4084093.74907,4084093.75000,-0.00093,50.53640,50.53654,-0.00014,0.00118
521330.59304,521330.59375,-0.00071,4084093.74907,4084093.75000,-0.00093,50.53639,50.53653,-0.00014,0.00117
521330.62429,521330.62500,-0.00071,4084093.49907,4084093.50000,-0.00093,50.53638,50.53652,-0.00014,0.00117
521330.62429,521330.62500,-0.00071,4084093.49907,4084093.50000,-0.00093,50.53637,50.53651,-0.00014,0.00117
521330.65554,521330.65625,-0.00071,4084093.49907,4084093.50000,-0.00093,50.53635,50.53649,-0.00014,0.00117
521330.65554,521330.65625,-0.00071,4084093.49908,4084093.50000,-0.00092,50.53634,50.53648,-0.00014,0.00117
521330.68679,521330.68750,-0.00071,4084093.49908,4084093.50000,-0.00092,50.53633,50.53647,-0.00014,0.00117
521330.71804,521330.71875,-0.00071,4084093.49908,4084093.50000,-0.00092,50.53632,50.53646,-0.00014,0.00117
521330.71804,521330.71875,-0.00071,4084093.49908,4084093.50000,-0.00092,50.53631,50.53645,-0.00014,0.00117
521330.74929,521330.75000,-0.00071,4084093.49908,4084093.50000,-0.00092,50.53630,50.53644,-0.00014,0.00117
521330.78054,521330.78125,-0.00071,4084093.49908,4084093.50000,-0.00092,50.53630,50.53644,-0.00014,0.00117
521330.81179,521330.81250,-0.00071,4084093.49908,4084093.50000,-0.00092,50.53629,50.53643,-0.00014,0.00117
521330.81179,521330.81250,-0.00071,4084093.49908,4084093.50000,-0.00092,50.53628,50.53642,-0.00014,0.00117
521330.84304,521330.84375,-0.00071,4084093.49908,4084093.50000,-0.00092,50.53627,50.53641,-0.00014,0.00117
521330.87429,521330.87500,-0.00071,4084093.49908,4084093.50000,-0.00092,50.53627,50.53641,-0.00014,0.00117
521330.90554,521330.90625,-0.00071,4084093.49908,4084093.50000,-0.00092,50.53626,50.53640,-0.00014,0.00117
521330.90554,521330.90625,-0.00071,4084093.49908,4084093.50000,-0.00092,50.53625,50.53639,-0.00014,0.00117
521330.93679,521330.93750,-0.00071,4084093.49908,4084093.50000,-0.00092,50.53625,50.53639,-0.00014,0.00117
521330.96804,521330.96875,-0.00071,4084093.49908,4084093.50000,-0.00092,50.53624,50.53638,-0.00014,0.00117
521330.99929,521331.00000,-0.00071,4084093.49908,4084093.50000,-0.00092,50.53624,50.53638,-0.00014,0.00117
521330.99929,521331.00000,-0.00071,4084093.24908,4084093.25000,-0.00092,50.53623,50.53637,-0.00014,0.00117
521331.03054,521331.03125,-0.00071,4084093.24908,4084093.25000,-0.00092,50.53623,50.53637,-0.00014,0.00117
521331.06179,521331.06250,-0.00071,4084093.24908,4084093.25000,-0.00092,50.53622,50.53636,-0.00014,0.00117
521331.06179,521331.06250,-0.00071,4084093.24908,4084093.25000,-0.00092,50.53621,50.53635,-0.00014,0.00117
521331.09304,521331.09375,-0.00071,4084093.24908,4084093.25000,-0.00092,50.53621,50.53635,-0.00014,0.00117
521331.12429,521331.12500,-0.00071,4084093.24908,4084093.25000,-0.00092,50.53620,50.53634,-0.00014,0.00117
521331.15554,521331.15625,-0.00071,4084093.24908,4084093.25000,-0.00092,50.53619,50.53633,-0.00014,0.00117
521331.15554,521331.15625,-0.00071,4084093.24908,4084093.25000,-0.00092,50.53618,50.53632,-0.00014,0.00117
521331.18679,521331.18750,-0.00071,4084093.24908,4084093.25000,-0.00092,50.53617,50.53631,-0.00014,0.00117
521331.21804,521331.21875,-0.00071,4084093.24908,4084093.25000,-0.00092,50.53616,50.53630,-0.00014,0.00117
521331.24929,521331.25000,-0.00071,4084093.24908,4084093.25000,-0.00092,50.53616,50.53630,-0.00014,0.00117
521331.28054,521331.28125,-0.00071,4084093.24908,4084093.25000,-0.00092,50.53615,50.53629,-0.00014,0.00117
521331.28054,521331.28125,-0.00071,4084093.24908,4084093.25000,-0.00092,50.53615,50.53629,-0.00014,0.00117
521331.31179,521331.31250,-0.00071,4084093.24908,4084093.25000,-0.00092,50.53614,50.53628,-0.00014,0.00117
521331.34304,521331.34375,-0.00071,4084093.24908,4084093.25000,-0.00092,50.53614,50.53628,-0.00014,0.00117
521331.37429,521331.37500,-0.00071,4084093.24908,4084093.25000,-0.00092,50.53613,50.53627,-0.00014,0.00117
521331.40554,521331.40625,-0.00071,4084093.24908,4084093.25000,-0.00092,50.53612,50.53626,-0.00014,0.00117
521331.40554,521331.40625,-0.00071,4084093.24908,4084093.25000,-0.00092,50.53611,50.53625,-0.00014,0.00117
521331.43679,521331.43750,-0.00071,4084092.99908,4084093.00000,-0.00092,50.53611,50.53625,-0.00014,0.00117
521331.46804,521331.46875,-0.00071,4084092.99908,4084093.00000,-0.00092,50.53610,50.53624,-0.00014,0.00117
521331.49929,521331.50000,-0.00071,4084092.99908,4084093.00000,-0.00092,50.53609,50.53623,-0.00014,0.00117
521331.53054,521331.53125,-0.00071,4084092.99908,4084093.00000,-0.00092,50.53609,50.53623,-0.00014,0.00117
521331.56179,521331.56250,-0.00071,4084092.99908,4084093.00000,-0.00092,50.53609,50.53623,-0.00014,0.00117
521331.56179,521331.56250,-0.00071,4084092.99908,4084093.00000,-0.00092,50.53609,50.53623,-0.00014,0.00117
521331.59304,521331.59375,-0.00071,4084092.99908,4084093.00000,-0.00092,50.53609,50.53623,-0.00014,0.00117
521331.62429,521331.62500,-0.00071,4084092.99908,4084093.00000,-0.00092,50.53608,50.53622,-0.00014,0.00117
521331.65554,521331.65625,-0.00071,4084092.99908,4084093.00000,-0.00092,50.53608,50.53622,-0.00014,0.00117
521331.68679,521331.68750,-0.00071,4084092.99908,4084093.00000,-0.00092,50.53608,50.53622,-0.00014,0.00117
521331.71804,521331.71875,-0.00071,4084092.99908,4084093.00000,-0.00092,50.53607,50.53621,-0.00014,0.00117
521331.71804,521331.71875,-0.00071,4084092.99908,4084093.00000,-0.00092,50.53607,50.53621,-0.00014,0.00117
521331.74929,521331.75000,-0.00071,4084092.99908,4084093.00000,-0.00092,50.53607,50.53621,-0.00014,0.00117
521331.78054,521331.78125,-0.00071,4084092.99908,4084093.00000,-0.00092,50.53607,50.53621,-0.00014,0.00117
521331.81179,521331.81250,-0.00071,4084092.99908,4084093.00000,-0.00092,50.53606,50.53620,-0.00014,0.00117
521331.84304,521331.84375,-0.00071,4084092.99908,4084093.00000,-0.00092,50.53605,50.53619,-0.00014,0.00117
521331.87429,521331.87500,-0.00071,4084092.74908,4084092.75000,-0.00092,50.53605,50.53619,-0.00014,0.00117
521331.90554,521331.90625,-0.00071,4084092.74908,4084092.75000,-0.00092,50.53604,50.53618,-0.00014,0.00117
521331.90554,521331.90625,-0.00071,4084092.74908,4084092.75000,-0.00092,50.53603,50.53617,-0.00014,0.00117
521331.93679,521331.93750,-0.00071,4084092.74908,4084092.75000,-0.00092,50.53603,50.53617,-0.00014,0.00117
521331.96804,521331.96875,-0.00071,4084092.74909,4084092.75000,-0.00091,50.53602,50.53616,-0.00014,0.00116
521331.99929,521332.00000,-0.00071,4084092.74909,4084092.75000,-0.00091,50.53602,50.53616,-0.00014,0.00116
521331.99929,521332.00000,-0.00071,4084092.74909,4084092.75000,-0.00091,50.53601,50.53615,-0.00014,0.00116
521332.03054,521332.03125,-0.00071,4084092.74909,4084092.75000,-0.00091,50.53601,50.53615,-0.00014,0.00116
521332.06179,521332.06250,-0.00071,4084092.74909,4084092.75000,-0.00091,50.53600,50.53614,-0.00014,0.00116
521332.09304,521332.09375,-0.00071,4084092.74909,4084092.75000,-0.00091,50.53600,50.53614,-0.00014,0.00116
521332.09304,521332.09375,-0.00071,4084092.74909,4084092.75000,-0.00091,50.53599,50.53613,-0.00014,0.00116
521332.12429,521332.12500,-0.00071,4084092.74909,4084092.75000,-0.00091,50.53599,50.53613,-0.00014,0.00116
521332.15554,521332.15625,-0.00071,4084092.74909,4084092.75000,-0.00091,50.53599,50.53613,-0.00014,0.00116
521332.18679,521332.18750,-0.00071,4084092.74909,4084092.75000,-0.00091,50.53598,50.53612,-0.00014,0.00116
521332.21804,521332.21875,-0.00071,4084092.74909,4084092.75000,-0.00091,50.53598,50.53612,-0.00014,0.00116
521332.21804,521332.21875,-0.00071,4084092.74909,4084092.75000,-0.00091,50.53598,50.53612,-0.00014,0.00116
521332.24929,521332.25000,-0.00071,4084092.49909,4084092.50000,-0.00091,50.53598,50.53612,-0.00014,0.00116
521332.28054,521332.28125,-0.00071,4084092.49909,4084092.50000,-0.00091,50.53598,50.53612,-0.00014,0.00116
521332.31179,521332.31250,-0.00071,4084092.49909,4084092.50000,-0.00091,50.53598,50.53612,-0.00014,0.00116
521332.34304,521332.34375,-0.00071,4084092.49909,4084092.50000,-0.00091,50.53599,50.53613,-0.00014,0.00116
521332.34304,521332.34375,-0.00071,4084092.49909,4084092.50000,-0.00091,50.53599,50.53613,-0.00014,0.00116
521332.37429,521332.37500,-0.00071,4084092.49909,4084092.50000,-0.00091,50.53599,50.53613,-0.00014,0.00116
521332.40554,521332.40625,-0.00071,4084092.49909,4084092.50000,-0.00091,50.53600,50.53614,-0.00014,0.00116
521332.43679,521332.43750,-0.00071,4084092.49909,4084092.50000,-0.00091,50.53600,50.53614,-0.00014,0.00116
521332.43679,521332.43750,-0.00071,4084092.49909,4084092.50000,-0.00091,50.53601,50.53615,-0.00014,0.00116
521332.46804,521332.46875,-0.00071,4084092.49909,4084092.50000,-0.00091,50.53601,50.53615,-0.00014,0.00116
521332.49929,521332.50000,-0.00071,4084092.49909,4084092.50000,-0.00091,50.53601,50.53615,-0.00014,0.00116
521332.53054,521332.53125,-0.00071,4084092.49909,4084092.50000,-0.00091,50.53601,50.53615,-0.00014,0.00116
521332.56179,521332.56250,-0.00071,4084092.49909,4084092.50000,-0.00091,50.53602,50.53616,-0.00014,0.00116
521332.56179,521332.56250,-0.00071,4084092.49909,4084092.50000,-0.00091,50.53601,50.53615,-0.00014,0.00116
521332.59304,521332.59375,-0.00071,4084092.49909,4084092.50000,-0.00091,50.53601,50.53615,-0.00014,0.00116
521332.62429,521332.62500,-0.00071,4084092.49909,4084092.50000,-0.00091,50.53601,50.53615,-0.00014,0.00116
521332.65554,521332.65625,-0.00071,4084092.49909,4084092.50000,-0.00091,50.53600,50.53614,-0.00014,0.00116
521332.68679,521332.68750,-0.00071,4084092.24909,4084092.25000,-0.00091,50.53600,50.53614,-0.00014,0.00116
521332.68679,521332.68750,-0.00071,4084092.24909,4084092.25000,-0.00091,50.53600,50.53614,-0.00014,0.00116
521332.71804,521332.71875,-0.00071,4084092.24909,4084092.25000,-0.00091,50.53599,50.53613,-0.00014,0.00116
521332.74929,521332.75000,-0.00071,4084092.24909,4084092.25000,-0.00091,50.53599,50.53613,-0.00014,0.00116
521332.78054,521332.78125,-0.00071,4084092.24909,4084092.25000,-0.00091,50.53599,50.53613,-0.00014,0.00116
521332.78054,521332.78125,-0.00071,4084092.24909,4084092.25000,-0.00091,50.53599,50.53613,-0.00014,0.00116
521332.81179,521332.81250,-0.00071,4084092.24909,4084092.25000,-0.00091,50.53599,50.53613,-0.00014,0.00116
521332.84304,521332.84375,-0.00071,4084092.24909,4084092.25000,-0.00091,50.53600,50.53614,-0.00014,0.00116
521332.87429,521332.87500,-0.00071,4084092.24909,4084092.25000,-0.00091,50.53601,50.53615,-0.00014,0.00116
521332.87429,521332.87500,-0.00071,4084092.24909,4084092.25000,-0.00091,50.53601,50.53615,-0.00014,0.00116
521332.90554,521332.90625,-0.00071,4084092.24909,4084092.25000,-0.00091,50.53602,50.53616,-0.00014,0.00116
521332.93679,521332.93750,-0.00071,4084092.24909,4084092.25000,-0.00091,50.53603,50.53617,-0.00014,0.00116
521332.93679,521332.93750,-0.00071,4084092.24909,4084092.25000,-0.00091,50.53603,50.53617,-0.00014,0.00116
521332.96804,521332.96875,-0.00071,4084092.24909,4084092.25000,-0.00091,50.53603,50.53617,-0.00014,0.00116
521332.99929,521333.00000,-0.00071,4084092.24909,4084092.25000,-0.00091,50.53604,50.53618,-0.00014,0.00116
521333.03054,521333.03125,-0.00071,4084092.24909,4084092.25000,-0.00091,50.53605,50.53619,-0.00014,0.00116
521333.03054,521333.03125,-0.00071,4084092.24909,4084092.25000,-0.00091,50.53606,50.53620,-0.00014,0.00116
521333.06179,521333.06250,-0.00071,4084092.24909,4084092.25000,-0.00091,50.53607,50.53621,-0.00014,0.00116
521333.09304,521333.09375,-0.00071,4084091.99909,4084092.00000,-0.00091,50.53608,50.53622,-0.00014,0.00116
521333.12429,521333.12500,-0.00071,4084091.99909,4084092.00000,-0.00091,50.53608,50.53622,-0.00014,0.00116
521333.12429,521333.12500,-0.00071,4084091.99909,4084092.00000,-0.00091,50.53609,50.53623,-0.00014,0.00116
521333.15554,521333.15625,-0.00071,4084091.99909,4084092.00000,-0.00091,50.53611,50.53625,-0.00014,0.00116
521333.18679,521333.18750,-0.00071,4084091.99909,4084092.00000,-0.00091,50.53613,50.53627,-0.00014,0.00116
521333.21805,521333.21875,-0.00070,4084091.99909,4084092.00000,-0.00091,50.53614,50.53628,-0.00014,0.00116
521333.21805,521333.21875,-0.00070,4084091.99909,4084092.00000,-0.00091,50.53616,50.53630,-0.00014,0.00116
521333.24930,521333.25000,-0.00070,4084091.99909,4084092.00000,-0.00091,50.53617,50.53631,-0.00014,0.00116
521333.28055,521333.28125,-0.00070,4084091.99909,4084092.00000,-0.00091,50.53619,50.53633,-0.00014,0.00116
521333.31180,521333.31250,-0.00070,4084091.99909,4084092.00000,-0.00091,50.53620,50.53634,-0.00014,0.00116
521333.31180,521333.31250,-0.00070,4084091.99909,4084092.00000,-0.00091,50.53621,50.53635,-0.00014,0.00116
521333.34305,521333.34375,-0.00070,4084091.99909,4084092.00000,-0.00091,50.53621,50.53635,-0.00014,0.00116
521333.37430,521333.37500,-0.00070,4084091.99909,4084092.00000,-0.00091,50.53621,50.53635,-0.00014,0.00116
521333.40555,521333.40625,-0.00070,4084091.99909,4084092.00000,-0.00091,50.53620,50.53634,-0.00014,0.00116
521333.43680,521333.43750,-0.00070,4084091.99909,4084092.00000,-0.00091,50.53620,50.53634,-0.00014,0.00116
521333.46805,521333.46875,-0.00070,4084091.99910,4084092.00000,-0.00090,50.53619,50.53633,-0.00014,0.00116
521333.46805,521333.46875,-0.00070,4084091.99910,4084092.00000,-0.00090,50.53619,50.53633,-0.00014,0.00116
521333.49930,521333.50000,-0.00070,4084091.99910,4084092.00000,-0.00090,50.53619,50.53633,-0.00014,0.00116
521333.53055,521333.53125,-0.00070,4084091.74910,4084091.75000,-0.00090,50.53619,50.53633,-0.00014,0.00115
521333.56180,521333.56250,-0.00070,4084091.74910,4084091.75000,-0.00090,50.53619,50.53633,-0.00014,0.00115
521333.56180,521333.56250,-0.00070,4084091.74910,4084091.75000,-0.00090,50.53618,50.53632,-0.00014,0.00115
521333.59305,521333.59375,-0.00070,4084091.74910,4084091.75000,-0.00090,50.53617,50.53631,-0.00014,0.00115
521333.62430,521333.62500,-0.00070,4084091.74910,4084091.75000,-0.00090,50.53617,50.53631,-0.00014,0.00115
521333.65555,521333.65625,-0.00070,4084091.74910,4084091.75000,-0.00090,50.53616,50.53630,-0.00014,0.00115
521333.68680,521333.68750,-0.00070,4084091.74910,4084091.75000,-0.00090,50.53616,50.53630,-0.00014,0.00115
521333.68680,521333.68750,-0.00070,4084091.74910,4084091.75000,-0.00090,50.53616,50.53630,-0.00014,0.00115
521333.71805,521333.71875,-0.00070,4084091.74910,4084091.75000,-0.00090,50.53616,50.53630,-0.00014,0.00115
521333.74930,521333.75000,-0.00070,4084091.74910,4084091.75000,-0.00090,50.53615,50.53629,-0.00014,0.00115
521333.78055,521333.78125,-0.00070,4084091.74910,4084091.75000,-0.00090,50.53615,50.53629,-0.00014,0.00115
521333.81180,521333.81250,-0.00070,4084091.74910,4084091.75000,-0.00090,50.53614,50.53628,-0.00014,0.00115
521333.84305,521333.84375,-0.00070,4084091.74910,4084091.75000,-0.00090,50.53614,50.53628,-0.00014,0.00115
521333.84305,521333.84375,-0.00070,4084091.74910,4084091.75000,-0.00090,50.53614,50.53628,-0.00014,0.00115
521333.87430,521333.87500,-0.00070,4084091.74910,4084091.75000,-0.00090,50.53614,50.53628,-0.00014,0.00115
521333.90555,521333.90625,-0.00070,4084091.74910,4084091.75000,-0.00090,50.53614,50.53628,-0.00014,0.00115
521333.93680,521333.93750,-0.00070,4084091.49910,4084091.50000,-0.00090,50.53614,50.53628,-0.00014,0.00115
521333.93680,521333.93750,-0.00070,4084091.49910,4084091.50000,-0.00090,50.53615,50.53629,-0.00014,0.00115
521333.96805,521333.96875,-0.00070,4084091.49910,4084091.50000,-0.00090,50.53615,50.53629,-0.00014,0.00115
521333.99930,521334.00000,-0.00070,4084091.49910,4084091.50000,-0.00090,50.53615,50.53629,-0.00014,0.00115
521334.03055,521334.03125,-0.00070,4084091.49910,4084091.50000,-0.00090,50.53615,50.53629,-0.00014,0.00115
521334.03055,521334.03125,-0.00070,4084091.49910,4084091.50000,-0.00090,50.53616,50.53630,-0.00014,0.00115
521334.06180,521334.06250,-0.00070,4084091.49910,4084091.50000,-0.00090,50.53616,50.53630,-0.00014,0.00115
521334.09305,521334.09375,-0.00070,4084091.49910,4084091.50000,-0.00090,50.53615,50.53629,-0.00014,0.00115
521334.12430,521334.12500,-0.00070,4084091.49910,4084091.50000,-0.00090,50.53615,50.53629,-0.00014,0.00115
521334.15555,521334.15625,-0.00070,4084091.49910,4084091.50000,-0.00090,50.53615,50.53629,-0.00014,0.00115
521334.18680,521334.18750,-0.00070,4084091.49910,4084091.50000,-0.00090,50.53614,50.53628,-0.00014,0.00115
521334.18680,521334.18750,-0.00070,4084091.49910,4084091.50000,-0.00090,50.53613,50.53627,-0.00014,0.00115
521334.21805,521334.21875,-0.00070,4084091.49910,4084091.50000,-0.00090,50.53613,50.53627,-0.00014,0.00115
521334.24930,521334.25000,-0.00070,4084091.49910,4084091.50000,-0.00090,50.53611,50.53625,-0.00014,0.00115
521334.28055,521334.28125,-0.00070,4084091.49910,4084091.50000,-0.00090,50.53610,50.53624,-0.00014,0.00115
521334.31180,521334.31250,-0.00070,4084091.49910,4084091.50000,-0.00090,50.53609,50.53623,-0.00014,0.00115
521334.34305,521334.34375,-0.00070,4084091.49910,4084091.50000,-0.00090,50.53608,50.53622,-0.00014,0.00115
521334.34305,521334.34375,-0.00070,4084091.24910,4084091.25000,-0.00090,50.53607,50.53621,-0.00014,0.00115
521334.37430,521334.37500,-0.00070,4084091.24910,4084091.25000,-0.00090,50.53606,50.53620,-0.00014,0.00115
521334.40555,521334.40625,-0.00070,4084091.24910,4084091.25000,-0.00090,50.53605,50.53619,-0.00014,0.00115
521334.43680,521334.43750,-0.00070,4084091.24910,4084091.25000,-0.00090,50.53604,50.53618,-0.00014,0.00115
521334.46805,521334.46875,-0.00070,4084091.24910,4084091.25000,-0.00090,50.53603,50.53617,-0.00014,0.00115
521334.46805,521334.46875,-0.00070,4084091.24910,4084091.25000,-0.00090,50.53602,50.53616,-0.00014,0.00115
521334.49930,521334.50000,-0.00070,4084091.24910,4084091.25000,-0.00090,50.53601,50.53615,-0.00014,0.00115
521334.53055,521334.53125,-0.00070,4084091.24910,4084091.25000,-0.00090,50.53600,50.53614,-0.00014,0.00115
521334.56180,521334.56250,-0.00070,4084091.24910,4084091.25000,-0.00090,50.53599,50.53613,-0.00014,0.00115
521334.59305,521334.59375,-0.00070,4084091.24910,4084091.25000,-0.00090,50.53599,50.53613,-0.00014,0.00115
521334.62430,521334.62500,-0.00070,4084091.24910,4084091.25000,-0.00090,50.53598,50.53612,-0.00014,0.00115
521334.62430,521334.62500,-0.00070,4084091.24910,4084091.25000,-0.00090,50.53598,50.53612,-0.00014,0.00115
521334.65555,521334.65625,-0.00070,4084091.24910,4084091.25000,-0.00090,50.53598,50.53612,-0.00014,0.00115
521334.68680,521334.68750,-0.00070,4084091.24910,4084091.25000,-0.00090,50.53598,50.53612,-0.00014,0.00115
521334.71805,521334.71875,-0.00070,4084091.24910,4084091.25000,-0.00090,50.53599,50.53613,-0.00014,0.00115
521334.71805,521334.71875,-0.00070,4084091.24910,4084091.25000,-0.00090,50.53600,50.53614,-0.00014,0.00115
521334.74930,521334.75000,-0.00070,4084090.99910,4084091.00000,-0.00090,50.53600,50.53614,-0.00014,0.00115
521334.78055,521334.78125,-0.00070,4084090.99910,4084091.00000,-0.00090,50.53601,50.53615,-0.00014,0.00115
521334.81180,521334.81250,-0.00070,4084090.99910,4084091.00000,-0.00090,50.53601,50.53615,-0.00014,0.00115
521334.81180,521334.81250,-0.00070,4084090.99910,4084091.00000,-0.00090,50.53602,50.53616,-0.00014,0.00115
521334.84305,521334.84375,-0.00070,4084090.99910,4084091.00000,-0.00090,50.53603,50.53617,-0.00014,0.00115
521334.87430,521334.87500,-0.00070,4084090.99910,4084091.00000,-0.00090,50.53604,50.53618,-0.00014,0.00115
521334.90555,521334.90625,-0.00070,4084090.99910,4084091.00000,-0.00090,50.53605,50.53619,-0.00014,0.00115
521334.93680,521334.93750,-0.00070,4084090.99910,4084091.00000,-0.00090,50.53605,50.53619,-0.00014,0.00115
521334.96805,521334.96875,-0.00070,4084090.99910,4084091.00000,-0.00090,50.53606,50.53620,-0.00014,0.00115
521334.96805,521334.96875,-0.00070,4084090.99910,4084091.00000,-0.00090,50.53607,50.53621,-0.00014,0.00115
521334.99930,521335.00000,-0.00070,4084090.99910,4084091.00000,-0.00090,50.53608,50.53622,-0.00014,0.00115
521335.03055,521335.03125,-0.00070,4084090.99910,4084091.00000,-0.00090,50.53609,50.53623,-0.00014,0.00115
521335.06180,521335.06250,-0.00070,4084090.99910,4084091.00000,-0.00090,50.53609,50.53623,-0.00014,0.00115
521335.09305,521335.09375,-0.00070,4084090.99910,4084091.00000,-0.00090,50.53610,50.53624,-0.00014,0.00115
521335.12430,521335.12500,-0.00070,4084090.99910,4084091.00000,-0.00090,50.53611,50.53625,-0.00014,0.00115
521335.15555,521335.15625,-0.00070,4084090.99910,4084091.00000,-0.00090,50.53612,50.53626,-0.00014,0.00115
521335.15555,521335.15625,-0.00070,4084090.74911,4084090.75000,-0.00089,50.53612,50.53626,-0.00014,0.00114
521335.18680,521335.18750,-0.00070,4084090.74911,4084090.75000,-0.00089,50.53613,50.53627,-0.00014,0.00114
521335.21805,521335.21875,-0.00070,4084090.74911,4084090.75000,-0.00089,50.53614,50.53628,-0.00014,0.00114
521335.24930,521335.25000,-0.00070,4084090.74911,4084090.75000,-0.00089,50.53614,50.53628,-0.00014,0.00114
521335.28055,521335.28125,-0.00070,4084090.74911,4084090.75000,-0.00089,50.53614,50.53628,-0.00014,0.00114
521335.31180,521335.31250,-0.00070,4084090.74911,4084090.75000,-0.00089,50.53613,50.53627,-0.00014,0.00114
521335.34305,521335.34375,-0.00070,4084090.74911,4084090.75000,-0.00089,50.53613,50.53627,-0.00014,0.00114
521335.37430,521335.37500,-0.00070,4084090.74911,4084090.75000,-0.00089,50.53613,50.53627,-0.00014,0.00114
521335.40555,521335.40625,-0.00070,4084090.74911,4084090.75000,-0.00089,50.53613,50.53627,-0.00014,0.00114
521335.40555,521335.40625,-0.00070,4084090.74911,4084090.75000,-0.00089,50.53613,50.53627,-0.00014,0.00114
521335.43680,521335.43750,-0.00070,4084090.74911,4084090.75000,-0.00089,50.53612,50.53626,-0.00014,0.00114
521335.46805,521335.46875,-0.00070,4084090.74911,4084090.75000,-0.00089,50.53611,50.53625,-0.00014,0.00114
521335.49930,521335.50000,-0.00070,4084090.74911,4084090.75000,-0.00089,50.53611,50.53625,-0.00014,0.00114
521335.53055,521335.53125,-0.00070,4084090.74911,4084090.75000,-0.00089,50.53610,50.53624,-0.00014,0.00114
521335.56180,521335.56250,-0.00070,4084090.74911,4084090.75000,-0.00089,50.53608,50.53623,-0.00014,0.00114
521335.59305,521335.59375,-0.00070,4084090.49911,4084090.50000,-0.00089,50.53608,50.53623,-0.00014,0.00114
521335.62430,521335.62500,-0.00070,4084090.49911,4084090.50000,-0.00089,50.53608,50.53622,-0.00014,0.00114
521335.65555,521335.65625,-0.00070,4084090.49911,4084090.50000,-0.00089,50.53607,50.53621,-0.00014,0.00114
521335.65555,521335.65625,-0.00070,4084090.49911,4084090.50000,-0.00089,50.53607,50.53621,-0.00014,0.00114
521335.68680,521335.68750,-0.00070,4084090.49911,4084090.50000,-0.00089,50.53606,50.53620,-0.00014,0.00114
521335.71805,521335.71875,-0.00070,4084090.49911,4084090.50000,-0.00089,50.53606,50.53620,-0.00014,0.00114
521335.74930,521335.75000,-0.00070,4084090.49911,4084090.50000,-0.00089,50.53605,50.53619,-0.00014,0.00114
521335.78055,521335.78125,-0.00070,4084090.49911,4084090.50000,-0.00089,50.53604,50.53618,-0.00014,0.00114
521335.81180,521335.81250,-0.00070,4084090.49911,4084090.50000,-0.00089,50.53604,50.53618,-0.00014,0.00114
521335.84305,521335.84375,-0.00070,4084090.49911,4084090.50000,-0.00089,50.53604,50.53618,-0.00014,0.00114
521335.87430,521335.87500,-0.00070,4084090.49911,4084090.50000,-0.00089,50.53603,50.53617,-0.00014,0.00114
521335.90555,521335.90625,-0.00070,4084090.49911,4084090.50000,-0.00089,50.53603,50.53617,-0.00014,0.00114
521335.90555,521335.90625,-0.00070,4084090.49911,4084090.50000,-0.00089,50.53603,50.53617,-0.00014,0.00114
521335.93680,521335.93750,-0.00070,4084090.49911,4084090.50000,-0.00089,50.53603,50.53617,-0.00014,0.00114
521335.96805,521335.96875,-0.00070,4084090.49911,4084090.50000,-0.00089,50.53603,50.53617,-0.00014,0.00114
521335.99930,521336.00000,-0.00070,4084090.24911,4084090.25000,-0.00089,50.53603,50.53617,-0.00014,0.00114
521336.03055,521336.03125,-0.00070,4084090.24911,4084090.25000,-0.00089,50.53603,50.53618,-0.00014,0.00114
521336.06180,521336.06250,-0.00070,4084090.24911,4084090.25000,-0.00089,50.53603,50.53618,-0.00014,0.00114
521336.09305,521336.09375,-0.00070,4084090.24911,4084090.25000,-0.00089,50.53603,50.53618,-0.00014,0.00114
521336.12430,521336.12500,-0.00070,4084090.24911,4084090.25000,-0.00089,50.53603,50.53618,-0.00014,0.00114
521336.15555,521336.15625,-0.00070,4084090.24911,4084090.25000,-0.00089,50.53605,50.53619,-0.00014,0.00114
521336.18680,521336.18750,-0.00070,4084090.24911,4084090.25000,-0.00089,50.53605,50.53619,-0.00014,0.00114
521336.18680,521336.18750,-0.00070,4084090.24911,4084090.25000,-0.00089,50.53605,50.53619,-0.00014,0.00114
521336.21805,521336.21875,-0.00070,4084090.24911,4084090.25000,-0.00089,50.53605,50.53619,-0.00014,0.00114
521336.24930,521336.25000,-0.00070,4084090.24911,4084090.25000,-0.00089,50.53605,50.53619,-0.00014,0.00114
521336.28055,521336.28125,-0.00070,4084090.24911,4084090.25000,-0.00089,50.53606,50.53620,-0.00014,0.00114
521336.31180,521336.31250,-0.00070,4084090.24911,4084090.25000,-0.00089,50.53606,50.53620,-0.00014,0.00114
521336.34305,521336.34375,-0.00070,4084090.24911,4084090.25000,-0.00089,50.53606,50.53620,-0.00014,0.00114
521336.34305,521336.34375,-0.00070,4084090.24911,4084090.25000,-0.00089,50.53606,50.53620,-0.00014,0.00114
521336.37430,521336.37500,-0.00070,4084090.24911,4084090.25000,-0.00089,50.53607,50.53621,-0.00014,0.00114
521336.40555,521336.40625,-0.00070,4084090.24911,4084090.25000,-0.00089,50.53607,50.53621,-0.00014,0.00114
521336.43680,521336.43750,-0.00070,4084089.99911,4084090.00000,-0.00089,50.53607,50.53621,-0.00014,0.00114
521336.46805,521336.46875,-0.00070,4084089.99911,4084090.00000,-0.00089,50.53607,50.53621,-0.00014,0.00114
521336.46805,521336.46875,-0.00070,4084089.99911,4084090.00000,-0.00089,50.53607,50.53621,-0.00014,0.00114
521336.49930,521336.50000,-0.00070,4084089.99911,4084090.00000,-0.00089,50.53607,50.53621,-0.00014,0.00114
521336.53055,521336.53125,-0.00070,4084089.99911,4084090.00000,-0.00089,50.53607,50.53621,-0.00014,0.00114
521336.56180,521336.56250,-0.00070,4084089.99911,4084090.00000,-0.00089,50.53607,50.53621,-0.00014,0.00114
521336.59305,521336.59375,-0.00070,4084089.99911,4084090.00000,-0.00089,50.53607,50.53621,-0.00014,0.00114
521336.62430,521336.62500,-0.00070,4084089.99911,4084090.00000,-0.00089,50.53608,50.53622,-0.00014,0.00114
521336.62430,521336.62500,-0.00070,4084089.99911,4084090.00000,-0.00089,50.53608,50.53622,-0.00014,0.00114
521336.65555,521336.65625,-0.00070,4084089.99911,4084090.00000,-0.00089,50.53608,50.53622,-0.00014,0.00114
521336.68680,521336.68750,-0.00070,4084089.99911,4084090.00000,-0.00089,50.53608,50.53622,-0.00014,0.00114
521336.71805,521336.71875,-0.00070,4084089.99911,4084090.00000,-0.00089,50.53608,50.53622,-0.00014,0.00114
521336.71805,521336.71875,-0.00070,4084089.99911,4084090.00000,-0.00089,50.53607,50.53621,-0.00014,0.00114
521336.74930,521336.75000,-0.00070,4084089.99911,4084090.00000,-0.00089,50.53607,50.53621,-0.00014,0.00114
521336.78055,521336.78125,-0.00070,4084089.99911,4084090.00000,-0.00089,50.53607,50.53621,-0.00014,0.00114
521336.81180,521336.81250,-0.00070,4084089.99911,4084090.00000,-0.00089,50.53607,50.53621,-0.00014,0.00114
521336.84305,521336.84375,-0.00070,4084089.74911,4084089.75000,-0.00089,50.53607,50.53621,-0.00014,0.00114
521336.87431,521336.87500,-0.00069,4084089.74911,4084089.75000,-0.00089,50.53608,50.53622,-0.00014,0.00114
521336.87431,521336.87500,-0.00069,4084089.74911,4084089.75000,-0.00089,50.53608,50.53622,-0.00014,0.00114
521336.90556,521336.90625,-0.00069,4084089.74911,4084089.75000,-0.00089,50.53608,50.53622,-0.00014,0.00114
521336.93681,521336.93750,-0.00069,4084089.74911,4084089.75000,-0.00089,50.53608,50.53622,-0.00014,0.00114
521336.96806,521336.96875,-0.00069,4084089.74911,4084089.75000,-0.00089,50.53608,50.53622,-0.00014,0.00114
521336.96806,521336.96875,-0.00069,4084089.74911,4084089.75000,-0.00089,50.53608,50.53623,-0.00014,0.00114
521336.99931,521337.00000,-0.00069,4084089.74911,4084089.75000,-0.00089,50.53608,50.53623,-0.00014,0.00114
521337.03056,521337.03125,-0.00069,4084089.74911,4084089.75000,-0.00089,50.53608,50.53623,-0.00014,0.00114
521337.06181,521337.06250,-0.00069,4084089.74911,4084089.75000,-0.00089,50.53610,50.53624,-0.00014,0.00114
521337.09306,521337.09375,-0.00069,4084089.74911,4084089.75000,-0.00089,50.53610,50.53624,-0.00014,0.00114
521337.12431,521337.12500,-0.00069,4084089.74911,4084089.75000,-0.00089,50.53611,50.53625,-0.00014,0.00114
521337.15556,521337.15625,-0.00069,4084089.74911,4084089.75000,-0.00089,50.53612,50.53626,-0.00014,0.00114
521337.15556,521337.15625,-0.00069,4084089.74911,4084089.75000,-0.00089,50.53612,50.53626,-0.00014,0.00114
521337.18681,521337.18750,-0.00069,4084089.74911,4084089.75000,-0.00089,50.53613,50.53627,-0.00014,0.00114
521337.21806,521337.21875,-0.00069,4084089.74911,4084089.75000,-0.00089,50.53614,50.53628,-0.00014,0.00114
521337.24931,521337.25000,-0.00069,4084089.49911,4084089.50000,-0.00089,50.53614,50.53628,-0.00014,0.00114
521337.24931,521337.25000,-0.00069,4084089.49911,4084089.50000,-0.00089,50.53615,50.53629,-0.00014,0.00114
521337.28056,521337.28125,-0.00069,4084089.49911,4084089.50000,-0.00089,50.53616,50.53630,-0.00014,0.00114
521337.31181,521337.31250,-0.00069,4084089.49911,4084089.50000,-0.00089,50.53616,50.53631,-0.00014,0.00114
521337.34306,521337.34375,-0.00069,4084089.49911,4084089.50000,-0.00089,50.53618,50.53632,-0.00014,0.00114
521337.37431,521337.37500,-0.00069,4084089.49911,4084089.50000,-0.00089,50.53619,50.53633,-0.00014,0.00114
521337.40556,521337.40625,-0.00069,4084089.49911,4084089.50000,-0.00089,50.53620,50.53634,-0.00014,0.00114
521337.40556,521337.40625,-0.00069,4084089.49911,4084089.50000,-0.00089,50.53621,50.53635,-0.00014,0.00114
521337.43681,521337.43750,-0.00069,4084089.49911,4084089.50000,-0.00089,50.53622,50.53636,-0.00014,0.00114
521337.46806,521337.46875,-0.00069,4084089.49911,4084089.50000,-0.00089,50.53623,50.53637,-0.00014,0.00114
521337.49931,521337.50000,-0.00069,4084089.49911,4084089.50000,-0.00089,50.53624,50.53638,-0.00014,0.00114
521337.53056,521337.53125,-0.00069,4084089.49911,4084089.50000,-0.00089,50.53624,50.53639,-0.00014,0.00114
521337.56181,521337.56250,-0.00069,4084089.49911,4084089.50000,-0.00089,50.53626,50.53640,-0.00014,0.00114
521337.56181,521337.56250,-0.00069,4084089.49911,4084089.50000,-0.00089,50.53627,50.53641,-0.00014,0.00114
521337.59306,521337.59375,-0.00069,4084089.49911,4084089.50000,-0.00089,50.53629,50.53643,-0.00014,0.00114
521337.62431,521337.62500,-0.00069,4084089.49911,4084089.50000,-0.00089,50.53630,50.53644,-0.00014,0.00114
521337.65556,521337.65625,-0.00069,4084089.49911,4084089.50000,-0.00089,50.53631,50.53645,-0.00014,0.00114
521337.68681,521337.68750,-0.00069,4084089.24911,4084089.25000,-0.00089,50.53632,50.53646,-0.00014,0.00114
521337.68681,521337.68750,-0.00069,4084089.24911,4084089.25000,-0.00089,50.53633,50.53647,-0.00014,0.00114
521337.71806,521337.71875,-0.00069,4084089.24911,4084089.25000,-0.00089,50.53634,50.53648,-0.00014,0.00114
521337.74931,521337.75000,-0.00069,4084089.24911,4084089.25000,-0.00089,50.53636,50.53650,-0.00014,0.00114
521337.78056,521337.78125,-0.00069,4084089.24911,4084089.25000,-0.00089,50.53637,50.53651,-0.00014,0.00114
521337.81181,521337.81250,-0.00069,4084089.24911,4084089.25000,-0.00089,50.53639,50.53653,-0.00014,0.00114
521337.84306,521337.84375,-0.00069,4084089.24911,4084089.25000,-0.00089,50.53641,50.53655,-0.00014,0.00114
521337.84306,521337.84375,-0.00069,4084089.24911,4084089.25000,-0.00089,50.53643,50.53657,-0.00014,0.00114
521337.87431,521337.87500,-0.00069,4084089.24911,4084089.25000,-0.00089,50.53645,50.53659,-0.00014,0.00114
521337.90556,521337.90625,-0.00069,4084089.24911,4084089.25000,-0.00089,50.53646,50.53660,-0.00014,0.00114
521337.93681,521337.93750,-0.00069,4084089.24911,4084089.25000,-0.00089,50.53648,50.53662,-0.00014,0.00114
521337.96806,521337.96875,-0.00069,4084089.24911,4084089.25000,-0.00089,50.53650,50.53664,-0.00014,0.00114
521337.99931,521338.00000,-0.00069,4084089.24911,4084089.25000,-0.00089,50.53651,50.53665,-0.00014,0.00114
521338.03056,521338.03125,-0.00069,4084089.24911,4084089.25000,-0.00089,50.53653,50.53667,-0.00014,0.00114
521338.03056,521338.03125,-0.00069,4084089.24911,4084089.25000,-0.00089,50.53655,50.53669,-0.00014,0.00114
521338.06181,521338.06250,-0.00069,4084089.24911,4084089.25000,-0.00089,50.53657,50.53671,-0.00014,0.00114
521338.09306,521338.09375,-0.00069,4084088.99911,4084089.00000,-0.00089,50.53659,50.53673,-0.00014,0.00114
521338.12431,521338.12500,-0.00069,4084088.99911,4084089.00000,-0.00089,50.53660,50.53674,-0.00014,0.00114
521338.15556,521338.15625,-0.00069,4084088.99911,4084089.00000,-0.00089,50.53662,50.53676,-0.00014,0.00114
521338.18681,521338.18750,-0.00069,4084088.99911,4084089.00000,-0.00089,50.53663,50.53677,-0.00014,0.00114
521338.18681,521338.18750,-0.00069,4084088.99911,4084089.00000,-0.00089,50.53664,50.53678,-0.00014,0.00114
521338.21806,521338.21875,-0.00069,4084088.99911,4084089.00000,-0.00089,50.53665,50.53679,-0.00014,0.00114
521338.24931,521338.25000,-0.00069,4084088.99911,4084089.00000,-0.00089,50.53667,50.53681,-0.00014,0.00114
521338.28056,521338.28125,-0.00069,4084088.99911,4084089.00000,-0.00089,50.53669,50.53683,-0.00014,0.00114
521338.31181,521338.31250,-0.00069,4084088.99911,4084089.00000,-0.00089,50.53670,50.53684,-0.00014,0.00114
521338.34306,521338.34375,-0.00069,4084088.99911,4084089.00000,-0.00089,50.53672,50.53686,-0.00014,0.00114
521338.34306,521338.34375,-0.00069,4084088.99911,4084089.00000,-0.00089,50.53673,50.53687,-0.00014,0.00114
521338.37431,521338.37500,-0.00069,4084088.99911,4084089.00000,-0.00089,50.53674,50.53688,-0.00014,0.00114
521338.40556,521338.40625,-0.00069,4084088.99911,4084089.00000,-0.00089,50.53674,50.53689,-0.00014,0.00114
521338.43681,521338.43750,-0.00069,4084088.99911,4084089.00000,-0.00089,50.53676,50.53690,-0.00014,0.00114
521338.43681,521338.43750,-0.00069,4084088.99911,4084089.00000,-0.00089,50.53676,50.53690,-0.00014,0.00114
521338.46806,521338.46875,-0.00069,4084088.99911,4084089.00000,-0.00089,50.53677,50.53691,-0.00014,0.00114
521338.49931,521338.50000,-0.00069,4084088.74911,4084088.75000,-0.00089,50.53678,50.53692,-0.00014,0.00114
521338.53056,521338.53125,-0.00069,4084088.74911,4084088.75000,-0.00089,50.53679,50.53693,-0.00014,0.00114
521338.56181,521338.56250,-0.00069,4084088.74911,4084088.75000,-0.00089,50.53680,50.53694,-0.00014,0.00114
521338.59306,521338.59375,-0.00069,4084088.74911,4084088.75000,-0.00089,50.53680,50.53694,-0.00014,0.00114
521338.59306,521338.59375,-0.00069,4084088.74911,4084088.75000,-0.00089,50.53681,50.53695,-0.00014,0.00114
521338.62431,521338.62500,-0.00069,4084088.74911,4084088.75000,-0.00089,50.53681,50.53695,-0.00014,0.00114
521338.65556,521338.65625,-0.00069,4084088.74911,4084088.75000,-0.00089,50.53682,50.53696,-0.00014,0.00114
521338.68681,521338.68750,-0.00069,4084088.74911,4084088.75000,-0.00089,50.53682,50.53696,-0.00014,0.00114
521338.71806,521338.71875,-0.00069,4084088.74911,4084088.75000,-0.00089,50.53682,50.53697,-0.00014,0.00114
521338.71806,521338.71875,-0.00069,4084088.74911,4084088.75000,-0.00089,50.53682,50.53697,-0.00014,0.00114
521338.74931,521338.75000,-0.00069,4084088.74911,4084088.75000,-0.00089,50.53682,50.53697,-0.00014,0.00114
521338.78056,521338.78125,-0.00069,4084088.74911,4084088.75000,-0.00089,50.53684,50.53698,-0.00014,0.00114
521338.81181,521338.81250,-0.00069,4084088.74911,4084088.75000,-0.00089,50.53684,50.53698,-0.00014,0.00114
521338.81181,521338.81250,-0.00069,4084088.74911,4084088.75000,-0.00089,50.53684,50.53698,-0.00014,0.00114
521338.84306,521338.84375,-0.00069,4084088.74911,4084088.75000,-0.00089,50.53682,50.53697,-0.00014,0.00114
521338.87431,521338.87500,-0.00069,4084088.74911,4084088.75000,-0.00089,50.53682,50.53697,-0.00014,0.00114
521338.90556,521338.90625,-0.00069,4084088.74911,4084088.75000,-0.00089,50.53682,50.53696,-0.00014,0.00114
521338.93681,521338.93750,-0.00069,4084088.49911,4084088.50000,-0.00089,50.53682,50.53696,-0.00014,0.00114
521338.93681,521338.93750,-0.00069,4084088.49911,4084088.50000,-0.00089,50.53682,50.53696,-0.00014,0.00114
521338.96806,521338.96875,-0.00069,4084088.49911,4084088.50000,-0.00089,50.53681,50.53695,-0.00014,0.00114
521338.99931,521339.00000,-0.00069,4084088.49911,4084088.50000,-0.00089,50.53681,50.53695,-0.00014,0.00114
521339.03056,521339.03125,-0.00069,4084088.49911,4084088.50000,-0.00089,50.53680,50.53694,-0.00014,0.00114
521339.06181,521339.06250,-0.00069,4084088.49911,4084088.50000,-0.00089,50.53680,50.53694,-0.00014,0.00114
521339.06181,521339.06250,-0.00069,4084088.49911,4084088.50000,-0.00089,50.53679,50.53693,-0.00014,0.00114
521339.09306,521339.09375,-0.00069,4084088.49911,4084088.50000,-0.00089,50.53679,50.53693,-0.00014,0.00114
521339.12431,521339.12500,-0.00069,4084088.49911,4084088.50000,-0.00089,50.53678,50.53692,-0.00014,0.00114
521339.15556,521339.15625,-0.00069,4084088.49911,4084088.50000,-0.00089,50.53677,50.53691,-0.00014,0.00114
521339.15556,521339.15625,-0.00069,4084088.49911,4084088.50000,-0.00089,50.53676,50.53690,-0.00014,0.00114
521339.18681,521339.18750,-0.00069,4084088.49911,4084088.50000,-0.00089,50.53674,50.53689,-0.00014,0.00114
521339.21806,521339.21875,-0.00069,4084088.49911,4084088.50000,-0.00089,50.53674,50.53688,-0.00014,0.00114
521339.24931,521339.25000,-0.00069,4084088.49911,4084088.50000,-0.00089,50.53673,50.53687,-0.00014,0.00114
521339.24931,521339.25000,-0.00069,4084088.49911,4084088.50000,-0.00089,50.53672,50.53686,-0.00014,0.00114
521339.28056,521339.28125,-0.00069,4084088.49911,4084088.50000,-0.00089,50.53671,50.53685,-0.00014,0.00114
521339.31181,521339.31250,-0.00069,4084088.49911,4084088.50000,-0.00089,50.53670,50.53684,-0.00014,0.00114
521339.34306,521339.34375,-0.00069,4084088.24911,4084088.25000,-0.00089,50.53669,50.53683,-0.00014,0.00114
521339.37431,521339.37500,-0.00069,4084088.24911,4084088.25000,-0.00089,50.53668,50.53682,-0.00014,0.00114
521339.37431,521339.37500,-0.00069,4084088.24911,4084088.25000,-0.00089,50.53667,50.53681,-0.00014,0.00114
521339.40556,521339.40625,-0.00069,4084088.24911,4084088.25000,-0.00089,50.53666,50.53680,-0.00014,0.00114
521339.43681,521339.43750,-0.00069,4084088.24911,4084088.25000,-0.00089,50.53665,50.53679,-0.00014,0.00114
521339.46806,521339.46875,-0.00069,4084088.24911,4084088.25000,-0.00089,50.53664,50.53678,-0.00014,0.00114
521339.49931,521339.50000,-0.00069,4084088.24911,4084088.25000,-0.00089,50.53663,50.53677,-0.00014,0.00114
521339.49931,521339.50000,-0.00069,4084088.24911,4084088.25000,-0.00089,50.53662,50.53676,-0.00014,0.00114
521339.53056,521339.53125,-0.00069,4084088.24911,4084088.25000,-0.00089,50.53661,50.53675,-0.00014,0.00114
521339.56181,521339.56250,-0.00069,4084088.24911,4084088.25000,-0.00089,50.53660,50.53674,-0.00014,0.00114
521339.59306,521339.59375,-0.00069,4084088.24911,4084088.25000,-0.00089,50.53659,50.53673,-0.00014,0.00114
521339.59306,521339.59375,-0.00069,4084088.24911,4084088.25000,-0.00089,50.53658,50.53672,-0.00014,0.00114
521339.62431,521339.62500,-0.00069,4084088.24911,4084088.25000,-0.00089,50.53657,50.53671,-0.00014,0.00114
521339.65556,521339.65625,-0.00069,4084088.24911,4084088.25000,-0.00089,50.53656,50.53670,-0.00014,0.00114
521339.68681,521339.68750,-0.00069,4084088.24911,4084088.25000,-0.00089,50.53654,50.53668,-0.00014,0.00114
521339.71806,521339.71875,-0.00069,4084088.24911,4084088.25000,-0.00089,50.53653,50.53667,-0.00014,0.00114
521339.74931,521339.75000,-0.00069,4084087.99911,4084088.00000,-0.00089,50.53653,50.53667,-0.00014,0.00114
521339.78056,521339.78125,-0.00069,4084087.99911,4084088.00000,-0.00089,50.53652,50.53666,-0.00014,0.00114
521339.78056,521339.78125,-0.00069,4084087.99911,4084088.00000,-0.00089,50.53651,50.53665,-0.00014,0.00114
521339.81181,521339.81250,-0.00069,4084087.99911,4084088.00000,-0.00089,50.53651,50.53665,-0.00014,0.00114
521339.84306,521339.84375,-0.00069,4084087.99911,4084088.00000,-0.00089,50.53650,50.53664,-0.00014,0.00114
521339.87431,521339.87500,-0.00069,4084087.99911,4084088.00000,-0.00089,50.53649,50.53663,-0.00014,0.00114
521339.90556,521339.90625,-0.00069,4084087.99911,4084088.00000,-0.00089,50.53649,50.53663,-0.00014,0.00114
521339.93681,521339.93750,-0.00069,4084087.99911,4084088.00000,-0.00089,50.53648,50.53662,-0.00014,0.00114
521339.93681,521339.93750,-0.00069,4084087.99911,4084088.00000,-0.00089,50.53648,50.53662,-0.00014,0.00114
521339.96806,521339.96875,-0.00069,4084087.99911,4084088.00000,-0.00089,50.53647,50.53661,-0.00014,0.00114
521339.99931,521340.00000,-0.00069,4084087.99911,4084088.00000,-0.00089,50.53647,50.53661,-0.00014,0.00114
521340.03056,521340.03125,-0.00069,4084087.99911,4084088.00000,-0.00089,50.53647,50.53661,-0.00014,0.00114
521340.06181,521340.06250,-0.00069,4084087.99911,4084088.00000,-0.00089,50.53647,50.53661,-0.00014,0.00114
521340.09306,521340.09375,-0.00069,4084087.99911,4084088.00000,-0.00089,50.53646,50.53660,-0.00014,0.00114
521340.12431,521340.12500,-0.00069,4084087.99911,4084088.00000,-0.00089,50.53646,50.53660,-0.00014,0.00114
521340.12431,521340.12500,-0.00069,4084087.99911,4084088.00000,-0.00089,50.53646,50.53660,-0.00014,0.00114
521340.15556,521340.15625,-0.00069,4084087.74911,4084087.75000,-0.00089,50.53645,50.53659,-0.00014,0.00114
521340.18681,521340.18750,-0.00069,4084087.74911,4084087.75000,-0.00089,50.53645,50.53659,-0.00014,0.00114
521340.21806,521340.21875,-0.00069,4084087.74911,4084087.75000,-0.00089,50.53645,50.53659,-0.00014,0.00114
521340.24931,521340.25000,-0.00069,4084087.74911,4084087.75000,-0.00089,50.53645,50.53659,-0.00014,0.00114
521340.28056,521340.28125,-0.00069,4084087.74911,4084087.75000,-0.00089,50.53645,50.53659,-0.00014,0.00114
521340.28056,521340.28125,-0.00069,4084087.74911,4084087.75000,-0.00089,50.53645,50.53659,-0.00014,0.00114
521340.31181,521340.31250,-0.00069,4084087.74911,4084087.75000,-0.00089,50.53644,50.53658,-0.00014,0.00114
521340.34306,521340.34375,-0.00069,4084087.74911,4084087.75000,-0.00089,50.53644,50.53658,-0.00014,0.00114
521340.37431,521340.37500,-0.00069,4084087.74911,4084087.75000,-0.00089,50.53644,50.53658,-0.00014,0.00114
521340.40556,521340.40625,-0.00069,4084087.74911,4084087.75000,-0.00089,50.53644,50.53658,-0.00014,0.00114
521340.43681,521340.43750,-0.00069,4084087.74911,4084087.75000,-0.00089,50.53644,50.53658,-0.00014,0.00114
521340.46806,521340.46875,-0.00069,4084087.74911,4084087.75000,-0.00089,50.53644,50.53658,-0.00014,0.00114
521340.46806,521340.46875,-0.00069,4084087.74911,4084087.75000,-0.00089,50.53644,50.53658,-0.00014,0.00114
521340.49931,521340.50000,-0.00069,4084087.74911,4084087.75000,-0.00089,50.53644,50.53658,-0.00014,0.00114
521340.53056,521340.53125,-0.00069,4084087.74911,4084087.75000,-0.00089,50.53644,50.53658,-0.00014,0.00114
521340.56181,521340.56250,-0.00069,4084087.74911,4084087.75000,-0.00089,50.53644,50.53658,-0.00014,0.00114
521340.59306,521340.59375,-0.00069,4084087.49911,4084087.50000,-0.00089,50.53644,50.53658,-0.00014,0.00114
521340.62431,521340.62500,-0.00069,4084087.49911,4084087.50000,-0.00089,50.53644,50.53658,-0.00014,0.00114
521340.65556,521340.65625,-0.00069,4084087.49911,4084087.50000,-0.00089,50.53644,50.53658,-0.00014,0.00114
521340.68681,521340.68750,-0.00069,4084087.49911,4084087.50000,-0.00089,50.53645,50.53659,-0.00014,0.00114
521340.71806,521340.71875,-0.00069,4084087.49911,4084087.50000,-0.00089,50.53645,50.53659,-0.00014,0.00114
521340.71806,521340.71875,-0.00069,4084087.49911,4084087.50000,-0.00089,50.53646,50.53660,-0.00014,0.00114
521340.74931,521340.75000,-0.00069,4084087.49911,4084087.50000,-0.00089,50.53646,50.53660,-0.00014,0.00114
521340.78056,521340.78125,-0.00069,4084087.49911,4084087.50000,-0.00089,50.53647,50.53661,-0.00014,0.00114
521340.81181,521340.81250,-0.00069,4084087.49911,4084087.50000,-0.00089,50.53647,50.53661,-0.00014,0.00114
521340.84306,521340.84375,-0.00069,4084087.49911,4084087.50000,-0.00089,50.53647,50.53661,-0.00014,0.00114
521340.87431,521340.87500,-0.00069,4084087.49911,4084087.50000,-0.00089,50.53648,50.53662,-0.00014,0.00114
521340.87431,521340.87500,-0.00069,4084087.49911,4084087.50000,-0.00089,50.53648,50.53662,-0.00014,0.00114
521340.90556,521340.90625,-0.00069,4084087.49911,4084087.50000,-0.00089,50.53648,50.53662,-0.00014,0.00114
521340.93681,521340.93750,-0.00069,4084087.49911,4084087.50000,-0.00089,50.53649,50.53663,-0.00014,0.00114
521340.96806,521340.96875,-0.00069,4084087.49911,4084087.50000,-0.00089,50.53649,50.53663,-0.00014,0.00114
521340.99931,521341.00000,-0.00069,4084087.24911,4084087.25000,-0.00089,50.53649,50.53663,-0.00014,0.00114
521341.03056,521341.03125,-0.00069,4084087.24911,4084087.25000,-0.00089,50.53649,50.53663,-0.00014,0.00114
521341.06181,521341.06250,-0.00069,4084087.24911,4084087.25000,-0.00089,50.53649,50.53663,-0.00014,0.00114
521341.06181,521341.06250,-0.00069,4084087.24911,4084087.25000,-0.00089,50.53648,50.53662,-0.00014,0.00114
521341.09306,521341.09375,-0.00069,4084087.24911,4084087.25000,-0.00089,50.53648,50.53662,-0.00014,0.00114
521341.12431,521341.12500,-0.00069,4084087.24911,4084087.25000,-0.00089,50.53648,50.53662,-0.00014,0.00114
521341.15556,521341.15625,-0.00069,4084087.24911,4084087.25000,-0.00089,50.53647,50.53661,-0.00014,0.00114
521341.18681,521341.18750,-0.00069,4084087.24911,4084087.25000,-0.00089,50.53647,50.53661,-0.00014,0.00114
521341.21806,521341.21875,-0.00069,4084087.24911,4084087.25000,-0.00089,50.53647,50.53661,-0.00014,0.00114
521341.24931,521341.25000,-0.00069,4084087.24911,4084087.25000,-0.00089,50.53647,50.53661,-0.00014,0.00114
521341.24931,521341.25000,-0.00069,4084087.24911,4084087.25000,-0.00089,50.53646,50.53660,-0.00014,0.00114
521341.28056,521341.28125,-0.00069,4084087.24911,4084087.25000,-0.00089,50.53646,50.53660,-0.00014,0.00114
521341.31181,521341.31250,-0.00069,4084087.24911,4084087.25000,-0.00089,50.53645,50.53659,-0.00014,0.00114
521341.34306,521341.34375,-0.00069,4084087.24911,4084087.25000,-0.00089,50.53645,50.53659,-0.00014,0.00114
521341.37431,521341.37500,-0.00069,4084087.24911,4084087.25000,-0.00089,50.53645,50.53659,-0.00014,0.00114
521341.40556,521341.40625,-0.00069,4084087.24911,4084087.25000,-0.00089,50.53644,50.53658,-0.00014,0.00114
521341.43681,521341.43750,-0.00069,4084086.99911,4084087.00000,-0.00089,50.53644,50.53658,-0.00014,0.00114
521341.46806,521341.46875,-0.00069,4084086.99911,4084087.00000,-0.00089,50.53644,50.53658,-0.00014,0.00114
521341.46806,521341.46875,-0.00069,4084086.99911,4084087.00000,-0.00089,50.53645,50.53659,-0.00014,0.00114
521341.49931,521341.50000,-0.00069,4084086.99911,4084087.00000,-0.00089,50.53645,50.53659,-0.00014,0.00114
521341.53056,521341.53125,-0.00069,4084086.99911,4084087.00000,-0.00089,50.53645,50.53659,-0.00014,0.00114
521341.56181,521341.56250,-0.00069,4084086.99911,4084087.00000,-0.00089,50.53645,50.53659,-0.00014,0.00114
521341.59306,521341.59375,-0.00069,4084086.99911,4084087.00000,-0.00089,50.53646,50.53660,-0.00014,0.00114
521341.62431,521341.62500,-0.00069,4084086.99911,4084087.00000,-0.00089,50.53646,50.53660,-0.00014,0.00114
521341.65556,521341.65625,-0.00069,4084086.99911,4084087.00000,-0.00089,50.53646,50.53660,-0.00014,0.00114
521341.65556,521341.65625,-0.00069,4084086.99911,4084087.00000,-0.00089,50.53647,50.53661,-0.00014,0.00114
521341.68681,521341.68750,-0.00069,4084086.99911,4084087.00000,-0.00089,50.53648,50.53662,-0.00014,0.00114
521341.71806,521341.71875,-0.00069,4084086.99911,4084087.00000,-0.00089,50.53648,50.53662,-0.00014,0.00114
521341.74931,521341.75000,-0.00069,4084086.99911,4084087.00000,-0.00089,50.53648,50.53662,-0.00014,0.00114
521341.78056,521341.78125,-0.00069,4084086.99911,4084087.00000,-0.00089,50.53649,50.53663,-0.00014,0.00114
521341.81181,521341.81250,-0.00069,4084086.99911,4084087.00000,-0.00089,50.53649,50.53663,-0.00014,0.00114
521341.84306,521341.84375,-0.00069,4084086.74911,4084086.75000,-0.00089,50.53650,50.53664,-0.00014,0.00114
521341.84306,521341.84375,-0.00069,4084086.74911,4084086.75000,-0.00089,50.53650,50.53664,-0.00014,0.00114
521341.87431,521341.87500,-0.00069,4084086.74911,4084086.75000,-0.00089,50.53650,50.53664,-0.00014,0.00114
521341.90556,521341.90625,-0.00069,4084086.74911,4084086.75000,-0.00089,50.53651,50.53665,-0.00014,0.00114
521341.93681,521341.93750,-0.00069,4084086.74911,4084086.75000,-0.00089,50.53652,50.53666,-0.00014,0.00114
521341.96806,521341.96875,-0.00069,4084086.74911,4084086.75000,-0.00089,50.53652,50.53666,-0.00014,0.00114
521341.99931,521342.00000,-0.00069,4084086.74911,4084086.75000,-0.00089,50.53653,50.53667,-0.00014,0.00114
521342.03056,521342.03125,-0.00069,4084086.74911,4084086.75000,-0.00089,50.53653,50.53667,-0.00014,0.00114
521342.03056,521342.03125,-0.00069,4084086.74911,4084086.75000,-0.00089,50.53654,50.53668,-0.00014,0.00114
521342.06181,521342.06250,-0.00069,4084086.74911,4084086.75000,-0.00089,50.53654,50.53668,-0.00014,0.00114
521342.09306,521342.09375,-0.00069,4084086.74911,4084086.75000,-0.00089,50.53654,50.53668,-0.00014,0.00114
521342.12431,521342.12500,-0.00069,4084086.74911,4084086.75000,-0.00089,50.53655,50.53669,-0.00014,0.00114
521342.15556,521342.15625,-0.00069,4084086.74911,4084086.75000,-0.00089,50.53656,50.53670,-0.00014,0.00114
521342.18681,521342.18750,-0.00069,4084086.74911,4084086.75000,-0.00089,50.53656,50.53670,-0.00014,0.00114
521342.18681,521342.18750,-0.00069,4084086.74911,4084086.75000,-0.00089,50.53657,50.53671,-0.00014,0.00114
521342.21806,521342.21875,-0.00069,4084086.74911,4084086.75000,-0.00089,50.53658,50.53672,-0.00014,0.00114
521342.24931,521342.25000,-0.00069,4084086.49911,4084086.50000,-0.00089,50.53659,50.53673,-0.00014,0.00114
521342.28056,521342.28125,-0.00069,4084086.49911,4084086.50000,-0.00089,50.53659,50.53673,-0.00014,0.00114
521342.31181,521342.31250,-0.00069,4084086.49911,4084086.50000,-0.00089,50.53660,50.53674,-0.00014,0.00114
521342.34306,521342.34375,-0.00069,4084086.49911,4084086.50000,-0.00089,50.53661,50.53675,-0.00014,0.00114
