time,lcj,hxj,fyj,hgj,x,y,z,
2018-5-20 13:9:31.00000,4084085.05361,521328.78408,50.57948,0.00000,121.09500,-0.10800,-1.00800,
2018-5-20 13:9:32.00000,4084085.05291,521328.78699,50.59641,0.00000,121.09500,-0.10800,-1.00800,
2018-5-20 13:9:33.00000,4084085.05133,521328.78150,50.57218,0.00000,121.09400,-0.10800,-1.00800,
2018-5-20 13:9:34.00000,4084085.05397,521328.77989,50.57366,0.00000,121.09400,-0.10800,-1.00800,
2018-5-20 13:9:35.00000,4084085.05259,521328.78235,50.57982,0.00000,121.09400,-0.10800,-1.00800,
2018-5-20 13:9:36.00000,4084085.05362,521328.78183,50.57996,0.00000,121.09400,-0.10800,-1.00800,
2018-5-20 13:9:37.00000,4084085.05228,521328.78179,50.58774,0.00000,121.09400,-0.10800,-1.00800,
2018-5-20 13:9:38.00000,4084085.05283,521328.78271,50.59601,0.00000,121.09500,-0.10800,-1.00800,
2018-5-20 13:9:39.00000,4084085.05465,521328.77787,50.58673,0.00000,121.09500,-0.10800,-1.00800,
2018-5-20 13:9:40.00000,4084085.04917,521328.77877,50.58137,0.00000,121.09500,-0.10800,-1.00800,
2018-5-20 13:9:41.00000,4084085.05253,521328.78259,50.58974,0.00000,121.09493,-0.10800,-1.00800,
2018-5-20 13:9:42.00000,4084085.05204,521328.78134,50.59123,0.00000,121.09400,-0.10800,-1.00800,
2018-5-20 13:9:43.00000,4084085.05559,521328.77761,50.57831,0.00000,121.09400,-0.10800,-1.00800,
2018-5-20 13:9:44.00000,4084085.05623,521328.78130,50.58497,0.00000,121.09400,-0.10800,-1.00800,
2018-5-20 13:9:45.00000,4084085.05153,521328.78571,50.59308,0.00000,121.09400,-0.10800,-1.00800,
2018-5-20 13:9:46.00000,4084085.05171,521328.78355,50.59716,0.00000,121.09400,-0.10800,-1.00800,
2018-5-20 13:9:47.00000,4084085.04253,521328.78642,50.60341,0.00000,121.09500,-0.10800,-1.00800,
2018-5-20 13:9:48.00000,4084085.05355,521328.77938,50.57954,0.00000,121.09500,-0.10800,-1.00800,
2018-5-20 13:9:49.00000,4084085.04803,521328.78866,50.61574,0.00000,121.09500,-0.10800,-1.00800,
2018-5-20 13:9:50.00000,4084085.05260,521328.78442,50.59898,0.00000,121.09500,-0.10800,-1.00800,
2018-5-20 13:9:51.00000,4084085.04973,521328.78457,50.59281,0.00000,121.09494,-0.10800,-1.00800,
2018-5-20 13:9:52.00000,4084085.04869,521328.78253,50.60885,0.00000,121.09400,-0.10800,-1.00800,
2018-5-20 13:9:53.00000,4084085.05023,521328.78417,50.59831,0.00000,121.09500,-0.10800,-1.00800,
2018-5-20 13:9:54.00000,4084085.07174,521328.77301,50.53946,0.00000,121.09400,-0.10800,-1.00800,
2018-5-20 13:9:55.00000,4084085.06516,521328.77462,50.55422,0.00000,121.09400,-0.10800,-1.00800,
2018-5-20 13:9:56.00000,4084085.06808,521328.77123,50.53849,0.00000,121.09491,-0.10800,-1.00800,
2018-5-20 13:9:57.00000,4084085.06996,521328.76876,50.53981,0.00000,121.09400,-0.10800,-1.00800,
2018-5-20 13:9:58.00000,4084085.06748,521328.77043,50.54462,0.00000,121.09500,-0.10800,-1.00800,
2018-5-20 13:9:59.00000,4084085.06658,521328.77149,50.54650,0.00000,121.09500,-0.10800,-1.00800,
2018-5-20 13:10:0.00000,4084085.06547,521328.77203,50.54731,0.00000,121.09500,-0.10800,-1.00800,
2018-5-20 13:10:1.00000,4084085.06524,521328.77421,50.54945,0.00000,121.09500,-0.10800,-1.00800,
2018-5-20 13:10:2.00000,4084085.06654,521328.76942,50.54521,0.00000,121.09500,-0.10800,-1.00800,
2018-5-20 13:10:3.00000,4084085.05972,521328.77517,50.55732,0.00000,121.09500,-0.10800,-1.00800,
2018-5-20 13:10:4.00000,4084085.06676,521328.77433,50.55609,0.00000,121.09400,-0.10800,-1.00800,
2018-5-20 13:10:5.00000,4084085.06717,521328.77434,50.55454,0.00000,121.09400,-0.10800,-1.00800,
2018-5-20 13:10:6.00000,4084085.06554,521328.77496,50.55189,0.00000,121.09400,-0.10800,-1.00800,
2018-5-20 13:10:7.00000,4084085.06934,521328.77323,50.55031,0.00000,121.09400,-0.10800,-1.00800,
2018-5-20 13:10:8.00000,4084085.06732,521328.77333,50.55384,0.00000,121.09400,-0.10800,-1.00800,
2018-5-20 13:10:9.00000,4084085.06826,521328.77378,50.55243,0.00000,121.09400,-0.10800,-1.00800,
2018-5-20 13:10:10.00000,4084085.06906,521328.77087,50.54951,0.00000,121.09500,-0.10800,-1.00800,
2018-5-20 13:10:11.00000,4084085.06750,521328.77303,50.54993,0.00000,121.09400,-0.10800,-1.00800,
2018-5-20 13:10:12.00000,4084085.06777,521328.77407,50.55325,0.00000,121.09400,-0.10800,-1.00800,
2018-5-20 13:10:13.00000,4084085.06810,521328.77339,50.54664,0.00000,121.09400,-0.10800,-1.00800,
2018-5-20 13:10:14.00000,4084085.06877,521328.77499,50.55292,0.00000,121.09400,-0.10800,-1.00800,
2018-5-20 13:10:15.00000,4084085.06751,521328.77590,50.55643,0.00000,121.09400,-0.10800,-1.00800,
2018-5-20 13:10:16.00000,4084085.06682,521328.77368,50.55185,0.00000,121.09400,-0.10800,-1.00800,
2018-5-20 13:10:17.00000,4084085.06337,521328.77478,50.56094,0.00000,121.09400,-0.10800,-1.00800,
2018-5-20 13:10:18.00000,4084085.06739,521328.77578,50.55426,0.00000,121.09400,-0.10800,-1.00800,
2018-5-20 13:10:19.00000,4084085.07102,521328.77359,50.55808,0.00000,121.09400,-0.10800,-1.00800,
2018-5-20 13:10:20.00000,4084085.06942,521328.77472,50.56005,0.00000,121.09400,-0.10800,-1.00800,
2018-5-20 13:10:21.00000,4084085.06663,521328.77201,50.55059,0.00000,121.09400,-0.10800,-1.00800,
2018-5-20 13:10:22.00000,4084085.06626,521328.77563,50.55743,0.00000,121.09400,-0.10800,-1.00800,
2018-5-20 13:10:23.00000,4084085.06878,521328.77612,50.55241,0.00000,121.09400,-0.10800,-1.00800,
2018-5-20 13:10:24.00000,4084085.06824,521328.77474,50.55178,0.00000,121.09400,-0.10800,-1.00800,
2018-5-20 13:10:25.00000,4084085.06543,521328.77419,50.55570,0.00000,121.09400,-0.10800,-1.00800,
2018-5-20 13:10:26.00000,4084085.06273,521328.77345,50.56013,0.00000,121.09400,-0.10800,-1.00800,
2018-5-20 13:10:27.00000,4084085.06077,521328.77378,50.56158,0.00000,121.09400,-0.10800,-1.00800,
2018-5-20 13:10:28.00000,4084085.06828,521328.77090,50.54439,0.00000,121.09400,-0.10800,-1.00800,
2018-5-20 13:10:29.00000,4084085.06751,521328.77576,50.55676,0.00000,121.09400,-0.10704,-1.00800,
2018-5-20 13:10:30.00000,4084085.06168,521328.77628,50.56437,0.00000,121.09400,-0.10800,-1.00800,
2018-5-20 13:10:31.00000,4084085.06047,521328.77228,50.56247,0.00000,121.09400,-0.10800,-1.00900,
2018-5-20 13:10:32.00000,4084085.06131,521328.77212,50.56584,0.00000,121.08900,-0.10700,-1.00900,
2018-5-20 13:10:33.00000,4084085.06287,521328.77338,50.56644,0.00000,121.08800,-0.10700,-1.00800,
2018-5-20 13:10:34.00000,4084085.05882,521328.77891,50.55220,0.00671,121.08632,-0.10616,-1.00632,
2018-5-20 13:10:35.00000,4084084.99389,521328.89107,50.54895,0.11800,121.08600,-0.10200,-1.00552,
2018-5-20 13:10:36.00000,4084084.90059,521329.05961,50.55838,0.31152,121.08700,-0.09900,-1.00657,
2018-5-20 13:10:37.00000,4084084.84357,521329.13300,50.55215,0.40200,121.08797,-0.09926,-1.00674,
2018-5-20 13:10:38.00000,4084084.80794,521329.18238,50.56829,0.44900,121.08564,-0.09964,-1.00800,
2018-5-20 13:10:39.00000,4084084.79571,521329.20743,50.56218,0.48800,121.08800,-0.09906,-1.00706,
2018-5-20 13:10:40.00000,4084084.74502,521329.30263,50.58039,0.58752,121.08444,-0.09856,-1.00700,
2018-5-20 13:10:41.00000,4084084.72004,521329.35194,50.56754,0.63800,121.08038,-0.10313,-1.00800,
2018-5-20 13:10:42.00000,4084084.66738,521329.41994,50.56679,0.73164,121.08317,-0.11266,-1.00902,
2018-5-20 13:10:43.00000,4084084.62866,521329.48873,50.55147,0.81900,121.08798,-0.10940,-1.01140,
2018-5-20 13:10:44.00000,4084084.61475,521329.52186,50.54329,0.85100,121.08532,-0.10521,-1.00811,
2018-5-20 13:10:45.00000,4084084.59028,521329.54935,50.55450,0.83177,121.08760,-0.10300,-1.00840,
2018-5-20 13:10:46.00000,4084084.56771,521329.59971,50.54260,0.89000,121.09690,-0.10100,-1.00506,
2018-5-20 13:10:47.00000,4084084.52579,521329.66946,50.55054,0.97700,121.09568,-0.09234,-1.00500,
2018-5-20 13:10:48.00000,4084084.52005,521329.68495,50.54458,0.99300,121.09427,-0.08700,-1.00400,
2018-5-20 13:10:49.00000,4084084.50593,521329.70634,50.54581,0.96900,121.09224,-0.08141,-1.00179,
2018-5-20 13:10:50.00000,4084084.44860,521329.78973,50.56301,1.07038,121.09043,-0.09772,-1.00800,
2018-5-20 13:10:51.00000,4084084.40197,521329.86531,50.54475,1.16677,121.09329,-0.09910,-1.01200,
2018-5-20 13:10:52.00000,4084084.37178,521329.93104,50.54388,1.22100,121.09500,-0.09400,-1.01200,
2018-5-20 13:10:53.00000,4084084.35075,521329.94382,50.55913,1.25300,121.09200,-0.09000,-1.01580,
2018-5-20 13:10:54.00000,4084084.33880,521329.95475,50.54543,1.25300,121.09400,-0.09000,-1.01600,
2018-5-20 13:10:55.00000,4084084.33783,521329.95262,50.54071,1.25300,121.09469,-0.09013,-1.01528,
2018-5-20 13:10:56.00000,4084084.31027,521330.00755,50.54263,1.33183,121.09593,-0.09198,-1.01313,
2018-5-20 13:10:57.00000,4084084.20909,521330.19183,50.52263,1.56000,121.08950,-0.12600,-1.00900,
2018-5-20 13:10:58.00000,4084084.06472,521330.42285,50.49637,1.83634,121.09691,-0.12904,-1.00800,
2018-5-20 13:10:59.00000,4084083.93078,521330.65727,50.54733,2.09991,121.09577,-0.13626,-1.01230,
2018-5-20 13:11:0.00000,4084083.78916,521330.89856,50.51827,2.40300,121.10133,-0.12733,-1.01100,
2018-5-20 13:11:1.00000,4084083.61675,521331.18946,50.50474,2.73740,121.09319,-0.12638,-1.01404,
2018-5-20 13:11:2.00000,4084083.39385,521331.54447,50.51789,3.16766,121.09947,-0.12249,-1.00947,
2018-5-20 13:11:3.00000,4084083.17054,521331.92418,50.49934,3.61954,121.09016,-0.12248,-1.01568,
2018-5-20 13:11:4.00000,4084082.96165,521332.26467,50.52475,4.00419,121.08700,-0.11585,-1.01128,
2018-5-20 13:11:5.00000,4084082.77900,521332.56536,50.53456,4.35415,121.08283,-0.10528,-1.01862,
2018-5-20 13:11:6.00000,4084082.58956,521332.89273,50.50437,4.73752,121.08381,-0.10262,-1.01016,
2018-5-20 13:11:7.00000,4084082.39796,521333.22478,50.50171,5.12217,121.09700,-0.08266,-1.02334,
2018-5-20 13:11:8.00000,4084082.18827,521333.57368,50.51073,5.53274,121.08810,-0.10706,-1.01903,
2018-5-20 13:11:9.00000,4084081.97644,521333.91325,50.51924,5.93098,121.09156,-0.10844,-1.01931,
2018-5-20 13:11:10.00000,4084081.78567,521334.22988,50.52160,6.29774,121.07911,-0.11454,-1.02622,
2018-5-20 13:11:11.00000,4084081.59675,521334.53822,50.50797,6.67094,121.06157,-0.12477,-1.01943,
2018-5-20 13:11:12.00000,4084081.36540,521334.93423,50.53301,7.12760,121.06800,-0.09200,-1.01543,
2018-5-20 13:11:13.00000,4084081.08267,521335.39600,50.52477,7.67952,121.07120,-0.11089,-0.99822,
2018-5-20 13:11:14.00000,4084080.74669,521335.95967,50.52469,8.35398,121.08805,-0.11456,-0.99556,
2018-5-20 13:11:15.00000,4084080.35943,521336.59267,50.53786,9.09934,121.12521,-0.10991,-0.98721,
2018-5-20 13:11:16.00000,4084079.96103,521337.26113,50.54950,9.86887,121.13823,-0.09355,-1.00023,
2018-5-20 13:11:17.00000,4084079.54315,521337.94571,50.51301,10.68585,121.11394,-0.07491,-1.01004,
2018-5-20 13:11:18.00000,4084079.11135,521338.68231,50.51374,11.54921,121.11100,-0.09283,-1.01828,
2018-5-20 13:11:19.00000,4084078.64620,521339.45999,50.51522,12.45792,121.10905,-0.12532,-1.02563,
2018-5-20 13:11:20.00000,4084078.16552,521340.25377,50.51730,13.39654,121.09452,-0.11332,-1.01105,
2018-5-20 13:11:21.00000,4084077.67007,521341.06396,50.52429,14.34100,121.07453,-0.11247,-1.00149,
2018-5-20 13:11:22.00000,4084077.19278,521341.89040,50.52562,15.30298,121.07987,-0.10015,-1.00342,
2018-5-20 13:11:23.00000,4084076.66470,521342.74852,50.54776,16.29855,121.10166,-0.08966,-1.00945,
2018-5-20 13:11:24.00000,4084076.18111,521343.57370,50.53598,17.27700,121.08551,-0.08926,-1.01598,
2018-5-20 13:11:25.00000,4084075.66441,521344.41980,50.52476,18.26692,121.08700,-0.11482,-1.00900,
2018-5-20 13:11:26.00000,4084075.15462,521345.26935,50.52433,19.25065,121.08767,-0.11400,-1.00898,
2018-5-20 13:11:27.00000,4084074.66414,521346.08724,50.51722,20.21290,121.08300,-0.11502,-1.00503,
2018-5-20 13:11:28.00000,4084074.16926,521346.91046,50.52049,21.17639,121.10639,-0.09783,-1.00722,
2018-5-20 13:11:29.00000,4084073.65887,521347.76967,50.53621,22.18617,121.10048,-0.09183,-1.00352,
2018-5-20 13:11:30.00000,4084073.13099,521348.63443,50.52446,23.20479,121.08964,-0.09979,-1.00564,
2018-5-20 13:11:31.00000,4084072.62127,521349.49864,50.51066,24.20800,121.08400,-0.11968,-0.99751,
2018-5-20 13:11:32.00000,4084072.09705,521350.35339,50.49932,25.23283,121.11387,-0.11800,-0.99587,
2018-5-20 13:11:33.00000,4084071.56024,521351.24171,50.52786,26.25271,121.10732,-0.10632,-1.00084,
2018-5-20 13:11:34.00000,4084071.04904,521352.11560,50.50056,27.27749,121.08794,-0.10394,-1.00374,
2018-5-20 13:11:35.00000,4084070.52639,521352.95075,50.51472,28.26464,121.09428,-0.10700,-1.00864,
2018-5-20 13:11:36.00000,4084070.04037,521353.76792,50.41370,29.24300,121.08100,-0.11900,-1.01100,
2018-5-20 13:11:37.00000,4084069.48965,521354.64991,50.45209,30.28024,121.11430,-0.11530,-1.01040,
2018-5-20 13:11:38.00000,4084068.96323,521355.56002,50.44870,31.33748,121.10140,-0.11570,-1.00670,
2018-5-20 13:11:39.00000,4084068.42635,521356.44475,50.43767,32.37413,121.12253,-0.11553,-1.01123,
2018-5-20 13:11:40.00000,4084067.87800,521357.34401,50.44414,33.43349,121.09860,-0.09600,-1.01160,
2018-5-20 13:11:41.00000,4084067.34702,521358.24349,50.41281,34.46802,121.11186,-0.10375,-0.99987,
2018-5-20 13:11:42.00000,4084066.81963,521359.14237,50.47915,35.50900,121.10147,-0.13153,-1.00094,
2018-5-20 13:11:43.00000,4084066.28433,521360.02346,50.47666,36.54834,121.10306,-0.11747,-1.00082,
2018-5-20 13:11:44.00000,4084065.73952,521360.91371,50.49138,37.58248,121.09383,-0.09761,-1.00722,
2018-5-20 13:11:45.00000,4084065.20613,521361.80813,50.49889,38.63461,121.09461,-0.09761,-1.01517,
2018-5-20 13:11:46.00000,4084064.67447,521362.69029,50.48323,39.66463,121.07276,-0.10352,-1.00976,
2018-5-20 13:11:47.00000,4084064.12925,521363.59433,50.47938,40.73006,121.09677,-0.11538,-1.00215,
2018-5-20 13:11:48.00000,4084063.58527,521364.49106,50.44054,41.79098,121.12100,-0.10687,-1.00832,
2018-5-20 13:11:49.00000,4084063.04163,521365.38213,50.50601,42.80557,121.09189,-0.09611,-1.01666,
2018-5-20 13:11:50.00000,4084062.51265,521366.26344,50.49194,43.84519,121.09685,-0.08930,-1.01596,
2018-5-20 13:11:51.00000,4084061.99582,521367.13610,50.46882,44.87292,121.08300,-0.10663,-1.01000,
2018-5-20 13:11:52.00000,4084061.44138,521368.05434,50.46731,45.95900,121.10621,-0.11379,-1.00500,
2018-5-20 13:11:53.00000,4084060.87359,521368.99046,50.48415,47.05532,121.09726,-0.09900,-1.01000,
2018-5-20 13:11:54.00000,4084060.30467,521369.93361,50.50202,48.14143,121.07772,-0.10028,-1.00683,
2018-5-20 13:11:55.00000,4084059.72550,521370.90083,50.51463,49.28866,121.06589,-0.09998,-1.00706,
2018-5-20 13:11:56.00000,4084059.13366,521371.89174,50.49872,50.43091,121.13814,-0.11277,-1.01997,
2018-5-20 13:11:57.00000,4084058.54782,521372.85867,50.48891,51.56943,121.12022,-0.10617,-1.01583,
2018-5-20 13:11:58.00000,4084057.98134,521373.81278,50.48006,52.69596,121.10549,-0.10300,-1.00574,
2018-5-20 13:11:59.00000,4084057.39119,521374.78758,50.45669,53.83602,121.08400,-0.09836,-1.01074,
2018-5-20 13:12:0.00000,4084056.79331,521375.78512,50.47168,55.00943,121.10617,-0.09535,-1.00935,
2018-5-20 13:12:1.00000,4084056.19622,521376.77509,50.50192,56.15929,121.08745,-0.12377,-1.00723,
2018-5-20 13:12:2.00000,4084055.61203,521377.75181,50.49143,57.29157,121.12008,-0.11484,-1.00624,
2018-5-20 13:12:3.00000,4084055.01931,521378.73925,50.48502,58.45577,121.08400,-0.09779,-1.01260,
2018-5-20 13:12:4.00000,4084054.43003,521379.72369,50.46468,59.62522,121.08000,-0.10500,-1.01211,
2018-5-20 13:12:5.00000,4084053.83265,521380.72556,50.46320,60.78428,121.09100,-0.10298,-1.01136,
2018-5-20 13:12:6.00000,4084053.23512,521381.71747,50.45704,61.94700,121.10789,-0.09973,-1.01046,
2018-5-20 13:12:7.00000,4084052.63917,521382.69589,50.46357,63.08465,121.09462,-0.11300,-1.00900,
2018-5-20 13:12:8.00000,4084052.07161,521383.64926,50.44617,64.21081,121.10315,-0.12828,-1.01100,
2018-5-20 13:12:9.00000,4084051.48574,521384.61782,50.45123,65.35610,121.08790,-0.10771,-1.00271,
2018-5-20 13:12:10.00000,4084050.87519,521385.62615,50.48230,66.52383,121.09498,-0.11700,-1.00600,
2018-5-20 13:12:11.00000,4084050.26402,521386.62767,50.48003,67.69915,121.09929,-0.11671,-1.00387,
2018-5-20 13:12:12.00000,4084049.65420,521387.64333,50.48417,68.88368,121.10665,-0.11832,-1.02365,
2018-5-20 13:12:13.00000,4084049.05638,521388.65427,50.47214,70.06270,121.09652,-0.11626,-1.02252,
2018-5-20 13:12:14.00000,4084048.44586,521389.65427,50.46151,71.25732,121.06930,-0.10504,-1.01217,
2018-5-20 13:12:15.00000,4084047.80439,521390.71017,50.51062,72.46345,121.09436,-0.10264,-1.00732,
2018-5-20 13:12:16.00000,4084047.18563,521391.75947,50.51096,73.68968,121.10209,-0.10530,-1.00004,
2018-5-20 13:12:17.00000,4084046.55271,521392.80649,50.52966,74.90355,121.10319,-0.11300,-1.00365,
2018-5-20 13:12:18.00000,4084045.92320,521393.84134,50.57542,76.04970,121.07043,-0.09289,-1.01411,
2018-5-20 13:12:19.00000,4084045.34185,521394.82324,50.53902,77.20647,121.11704,-0.10104,-1.01557,
2018-5-20 13:12:20.00000,4084044.77415,521395.74706,50.55204,78.28117,121.10666,-0.09551,-1.01398,
2018-5-20 13:12:21.00000,4084044.23935,521396.63305,50.52809,79.32300,121.08874,-0.11138,-1.01038,
2018-5-20 13:12:22.00000,4084043.70939,521397.52332,50.50753,80.37757,121.10700,-0.10329,-1.01129,
2018-5-20 13:12:23.00000,4084043.12698,521398.48734,50.52962,81.50049,121.08932,-0.11206,-1.00626,
2018-5-20 13:12:24.00000,4084042.51635,521399.49755,50.54498,82.68721,121.07055,-0.10100,-1.01055,
2018-5-20 13:12:25.00000,4084041.91552,521400.49694,50.50827,83.86800,121.09200,-0.09000,-0.99900,
2018-5-20 13:12:26.00000,4084041.29565,521401.51459,50.52582,85.06323,121.08430,-0.10179,-1.00070,
2018-5-20 13:12:27.00000,4084040.70147,521402.51512,50.49274,86.24116,121.10253,-0.10131,-1.01369,
2018-5-20 13:12:28.00000,4084040.07151,521403.57032,50.54917,87.45184,121.09916,-0.09135,-1.01565,
2018-5-20 13:12:29.00000,4084039.45353,521404.60544,50.47247,88.68913,121.10609,-0.10743,-1.01800,
2018-5-20 13:12:30.00000,4084038.81134,521405.68307,50.54094,89.92813,121.11165,-0.11487,-1.01726,
2018-5-20 13:12:31.00000,4084038.18101,521406.72834,50.55302,91.13685,121.11845,-0.08579,-1.01277,
2018-5-20 13:12:32.00000,4084037.57066,521407.73897,50.55552,92.33600,121.07748,-0.11138,-1.00057,
2018-5-20 13:12:33.00000,4084036.94234,521408.78095,50.55042,93.53994,121.09300,-0.13238,-1.00400,
2018-5-20 13:12:34.00000,4084036.33762,521409.79092,50.50710,94.74200,121.09648,-0.09524,-0.99929,
2018-5-20 13:12:35.00000,4084035.73853,521410.79723,50.51957,95.92600,121.10498,-0.10692,-1.00802,
2018-5-20 13:12:36.00000,4084035.13776,521411.80123,50.52878,97.08106,121.10677,-0.11838,-1.02009,
2018-5-20 13:12:37.00000,4084034.52542,521412.80949,50.52976,98.23136,121.09317,-0.11091,-1.01091,
2018-5-20 13:12:38.00000,4084033.89495,521413.85522,50.54987,99.31100,121.11965,-0.12148,-1.00141,
2018-5-20 13:12:39.00000,4084033.26189,521414.90095,50.56491,100.48938,121.09255,-0.10830,-1.01340,
2018-5-20 13:12:40.00000,4084032.63067,521415.93932,50.56784,101.71562,121.09730,-0.10374,-0.99960,
2018-5-20 13:12:41.00000,4084031.98823,521416.99853,50.58860,102.93591,121.10800,-0.11065,-1.00043,
2018-5-20 13:12:42.00000,4084031.35281,521418.05900,50.55538,104.19364,121.11691,-0.10791,-1.00757,
2018-5-20 13:12:43.00000,4084030.71083,521419.12365,50.54889,105.44247,121.06900,-0.10760,-1.00787,
2018-5-20 13:12:44.00000,4084030.06126,521420.19558,50.54856,106.68900,121.09300,-0.12300,-1.02200,
2018-5-20 13:12:45.00000,4084029.42586,521421.25530,50.57311,107.89183,121.08896,-0.11861,-1.02400,
2018-5-20 13:12:46.00000,4084028.78896,521422.32381,50.55570,109.12853,121.10745,-0.08526,-1.00019,
2018-5-20 13:12:47.00000,4084028.13479,521423.40473,50.55769,110.40926,121.11513,-0.09906,-1.00330,
2018-5-20 13:12:48.00000,4084027.48717,521424.48589,50.55112,111.67079,121.11565,-0.10379,-1.00890,
2018-5-20 13:12:49.00000,4084026.85118,521425.54828,50.54065,112.91792,121.10283,-0.10366,-1.01734,
2018-5-20 13:12:50.00000,4084026.20197,521426.62211,50.56432,114.12251,121.06581,-0.10600,-1.01553,
2018-5-20 13:12:51.00000,4084025.56949,521427.68810,50.53419,115.32100,121.09992,-0.09408,-1.01608,
2018-5-20 13:12:52.00000,4084024.90712,521428.77836,50.53815,116.60053,121.11081,-0.11721,-1.00564,
2018-5-20 13:12:53.00000,4084024.27702,521429.82885,50.55095,117.78323,121.10055,-0.10865,-1.00710,
2018-5-20 13:12:54.00000,4084023.65468,521430.87892,50.55524,119.00055,121.09730,-0.10602,-1.00732,
2018-5-20 13:12:55.00000,4084023.00790,521431.93326,50.57827,120.24979,121.11528,-0.10219,-1.00191,
2018-5-20 13:12:56.00000,4084022.37575,521432.98896,50.54301,121.46781,121.06677,-0.11442,-1.00523,
2018-5-20 13:12:57.00000,4084021.75935,521434.02768,50.55250,122.68139,121.08022,-0.11054,-1.01484,
2018-5-20 13:12:58.00000,4084021.13238,521435.06629,50.54544,123.92110,121.10581,-0.11381,-1.02290,
2018-5-20 13:12:59.00000,4084020.50764,521436.09196,50.54868,125.11368,121.10304,-0.10747,-1.02000,
2018-5-20 13:13:0.00000,4084019.87454,521437.14247,50.54631,126.34040,121.10828,-0.09406,-1.02500,
2018-5-20 13:13:1.00000,4084019.25679,521438.15093,50.55201,127.51968,121.11400,-0.13303,-1.00526,
2018-5-20 13:13:2.00000,4084018.64711,521439.17324,50.56716,128.70621,121.10534,-0.12089,-0.99994,
2018-5-20 13:13:3.00000,4084018.04663,521440.17678,50.55582,129.88666,121.07498,-0.10515,-1.00989,
2018-5-20 13:13:4.00000,4084017.44670,521441.18367,50.56976,131.03900,121.10700,-0.09400,-1.01203,
2018-5-20 13:13:5.00000,4084016.84978,521442.16998,50.53996,132.22368,121.10509,-0.10809,-1.01583,
2018-5-20 13:13:6.00000,4084016.26427,521443.13111,50.53803,133.35696,121.09423,-0.11898,-1.01877,
2018-5-20 13:13:7.00000,4084015.69761,521444.09569,50.53114,134.46570,121.07689,-0.10500,-1.01111,
2018-5-20 13:13:8.00000,4084015.10514,521445.07206,50.52870,135.62247,121.12700,-0.11400,-1.00262,
2018-5-20 13:13:9.00000,4084014.51318,521446.05559,50.53061,136.78439,121.10916,-0.12100,-1.00345,
2018-5-20 13:13:10.00000,4084013.91271,521447.06282,50.52177,137.94996,121.10913,-0.10600,-0.99913,
2018-5-20 13:13:11.00000,4084013.28808,521448.09862,50.53690,139.16819,121.08328,-0.10943,-1.00057,
2018-5-20 13:13:12.00000,4084012.67191,521449.12732,50.55189,140.35097,121.08810,-0.08003,-1.01187,
2018-5-20 13:13:13.00000,4084012.04433,521450.15523,50.56360,141.51309,121.07335,-0.09430,-1.00865,
2018-5-20 13:13:14.00000,4084011.45499,521451.14752,50.54454,142.67619,121.10700,-0.12452,-1.01145,
2018-5-20 13:13:15.00000,4084010.87559,521452.11297,50.52482,143.80258,121.10511,-0.09911,-1.01383,
2018-5-20 13:13:16.00000,4084010.28268,521453.09329,50.52399,144.96283,121.12302,-0.09757,-1.01270,
2018-5-20 13:13:17.00000,4084009.67086,521454.10997,50.55846,146.14284,121.09965,-0.09932,-1.01132,
2018-5-20 13:13:18.00000,4084009.06162,521455.12567,50.52770,147.33841,121.08504,-0.09100,-1.01802,
2018-5-20 13:13:19.00000,4084008.46685,521456.11216,50.53618,148.49386,121.07157,-0.11771,-1.00986,
2018-5-20 13:13:20.00000,4084007.89350,521457.06452,50.55283,149.59185,121.10811,-0.10377,-1.00100,
2018-5-20 13:13:21.00000,4084007.33118,521458.00690,50.52928,150.70604,121.10300,-0.09349,-1.01026,
2018-5-20 13:13:22.00000,4084006.73784,521458.97448,50.52580,151.84000,121.10586,-0.09429,-1.02057,
2018-5-20 13:13:23.00000,4084006.13198,521459.99226,50.54901,153.02911,121.09632,-0.10932,-1.05596,
2018-5-20 13:13:24.00000,4084005.51661,521461.02043,50.52745,154.23902,121.11100,-0.12392,-1.06115,
2018-5-20 13:13:25.00000,4084004.90318,521462.02635,50.53172,155.41868,121.12592,-0.10408,-1.03738,
2018-5-20 13:13:26.00000,4084004.29137,521463.04654,50.53388,156.60736,121.09117,-0.09809,-1.01017,
2018-5-20 13:13:27.00000,4084003.68968,521464.05353,50.52368,157.78830,121.08015,-0.12657,-1.00857,
2018-5-20 13:13:28.00000,4084003.07778,521465.05478,50.52623,158.95852,121.10370,-0.12300,-1.01670,
2018-5-20 13:13:29.00000,4084002.45796,521466.08458,50.52360,160.17062,121.11285,-0.10960,-1.01640,
2018-5-20 13:13:30.00000,4084001.82601,521467.13111,50.53235,161.38842,121.10932,-0.10990,-1.00958,
2018-5-20 13:13:31.00000,4084001.20966,521468.16239,50.53544,162.60289,121.10333,-0.08713,-1.00620,
2018-5-20 13:13:32.00000,4084000.58876,521469.19288,50.53275,163.81272,121.06800,-0.09700,-1.00874,
2018-5-20 13:13:33.00000,4083999.97804,521470.21067,50.51579,164.98700,121.10700,-0.11700,-1.00500,
2018-5-20 13:13:34.00000,4083999.37491,521471.21366,50.53165,166.17324,121.11351,-0.11660,-1.00119,
2018-5-20 13:13:35.00000,4083998.74966,521472.24208,50.53708,167.37000,121.12698,-0.10119,-0.99789,
2018-5-20 13:13:36.00000,4083998.13730,521473.26406,50.53549,168.55913,121.06570,-0.11553,-1.00447,
2018-5-20 13:13:37.00000,4083997.52388,521474.27979,50.54311,169.71249,121.08800,-0.11347,-1.00840,
2018-5-20 13:13:38.00000,4083996.89085,521475.32473,50.54714,170.92000,121.11575,-0.10838,-1.00248,
2018-5-20 13:13:39.00000,4083996.25263,521476.38909,50.56149,172.12804,121.10640,-0.10647,-0.99260,
2018-5-20 13:13:40.00000,4083995.60135,521477.47917,50.52734,173.36618,121.07989,-0.10035,-0.99594,
2018-5-20 13:13:41.00000,4083994.95649,521478.53552,50.55134,174.59053,121.11421,-0.09942,-1.01470,
2018-5-20 13:13:42.00000,4083994.33516,521479.56987,50.54808,175.80877,121.08021,-0.12570,-1.01440,
2018-5-20 13:13:43.00000,4083993.71720,521480.60213,50.53116,177.01176,121.08000,-0.10752,-1.01303,
2018-5-20 13:13:44.00000,4083993.09657,521481.65482,50.52486,178.24828,121.11111,-0.09137,-1.01215,
2018-5-20 13:13:45.00000,4083992.46127,521482.72059,50.55813,179.48905,121.10281,-0.09876,-1.00834,
2018-5-20 13:13:46.00000,4083991.81626,521483.76549,50.53465,180.72858,121.12265,-0.11058,-1.00900,
2018-5-20 13:13:47.00000,4083991.19373,521484.82052,50.54072,181.89853,121.09630,-0.10500,-1.00785,
2018-5-20 13:13:48.00000,4083990.56366,521485.85907,50.54096,183.13241,121.13146,-0.10585,-1.01507,
2018-5-20 13:13:49.00000,4083989.92801,521486.90834,50.53300,184.34540,121.09979,-0.11636,-1.00936,
2018-5-20 13:13:50.00000,4083989.30396,521487.96011,50.55024,185.57964,121.10753,-0.09681,-1.00823,
2018-5-20 13:13:51.00000,4083988.68666,521488.99005,50.53311,186.78100,121.09054,-0.10054,-1.00338,
2018-5-20 13:13:52.00000,4083988.06547,521490.01750,50.54463,187.98766,121.07300,-0.11598,-1.00600,
2018-5-20 13:13:53.00000,4083987.44921,521491.05992,50.52831,189.22189,121.09913,-0.10704,-1.01332,
2018-5-20 13:13:54.00000,4083986.81006,521492.11336,50.53702,190.44138,121.09970,-0.11387,-1.01696,
2018-5-20 13:13:55.00000,4083986.19184,521493.13002,50.53839,191.63691,121.08900,-0.09751,-1.01223,
2018-5-20 13:13:56.00000,4083985.59481,521494.14139,50.53465,192.81463,121.10997,-0.10768,-1.00697,
2018-5-20 13:13:57.00000,4083984.98522,521495.15750,50.53319,193.99694,121.12838,-0.12438,-1.00938,
2018-5-20 13:13:58.00000,4083984.38330,521496.16711,50.50597,195.18809,121.07998,-0.11998,-1.01055,
2018-5-20 13:13:59.00000,4083983.76678,521497.17825,50.53005,196.35992,121.10876,-0.09616,-1.00960,
2018-5-20 13:14:0.00000,4083983.18723,521498.15641,50.52391,197.50598,121.08030,-0.11041,-1.01424,
2018-5-20 13:14:1.00000,4083982.61253,521499.10712,50.52737,198.62253,121.08584,-0.13158,-1.00226,
2018-5-20 13:14:2.00000,4083982.02730,521500.06845,50.54440,199.74855,121.11496,-0.11336,-0.99498,
2018-5-20 13:14:3.00000,4083981.43344,521501.05720,50.52071,200.91625,121.12047,-0.08902,-0.99936,
2018-5-20 13:14:4.00000,4083980.82025,521502.07721,50.53437,202.10479,121.10121,-0.09695,-1.00563,
2018-5-20 13:14:5.00000,4083980.20901,521503.08706,50.53541,203.28723,121.10500,-0.12185,-1.00585,
2018-5-20 13:14:6.00000,4083979.59031,521504.10821,50.53760,204.48800,121.08110,-0.13329,-1.01562,
2018-5-20 13:14:7.00000,4083978.98431,521505.11963,50.53284,205.66691,121.12147,-0.09343,-1.00502,
2018-5-20 13:14:8.00000,4083978.37068,521506.13894,50.53177,206.87406,121.05911,-0.07843,-1.01196,
2018-5-20 13:14:9.00000,4083977.75350,521507.16823,50.55594,208.07000,121.11333,-0.12567,-1.01400,
2018-5-20 13:14:10.00000,4083977.14823,521508.17773,50.54802,209.24804,121.11800,-0.12323,-1.00749,
2018-5-20 13:14:11.00000,4083976.54293,521509.17557,50.55894,210.42132,121.09313,-0.08804,-1.01196,
2018-5-20 13:14:12.00000,4083975.94057,521510.17830,50.55362,211.59193,121.07302,-0.09700,-1.01500,
2018-5-20 13:14:13.00000,4083975.33020,521511.19048,50.54835,212.77337,121.10602,-0.09796,-1.01091,
2018-5-20 13:14:14.00000,4083974.72444,521512.21302,50.56562,213.97255,121.10535,-0.11010,-1.00365,
2018-5-20 13:14:15.00000,4083974.09422,521513.24950,50.54873,215.18970,121.08689,-0.10800,-1.00311,
2018-5-20 13:14:16.00000,4083973.47035,521514.29271,50.55805,216.41567,121.08820,-0.10100,-1.00580,
2018-5-20 13:14:17.00000,4083972.84604,521515.32884,50.58659,217.61272,121.10851,-0.10283,-1.00834,
2018-5-20 13:14:18.00000,4083972.21562,521516.36268,50.54830,218.83196,121.10611,-0.09449,-1.00926,
2018-5-20 13:14:19.00000,4083971.59914,521517.40058,50.56175,220.04900,121.10857,-0.12271,-1.00457,
2018-5-20 13:14:20.00000,4083970.97115,521518.41968,50.56282,221.23149,121.09613,-0.10887,-1.00568,
2018-5-20 13:14:21.00000,4083970.37491,521519.40429,50.56694,222.39421,121.09172,-0.10017,-1.00136,
2018-5-20 13:14:22.00000,4083969.80648,521520.36940,50.57643,223.50500,121.08800,-0.10000,-0.99100,
2018-5-20 13:14:23.00000,4083969.21410,521521.33139,50.59267,224.64662,121.09770,-0.10670,-0.98870,
2018-5-20 13:14:24.00000,4083968.65073,521522.27340,50.56368,225.75185,121.11147,-0.12708,-0.98753,
2018-5-20 13:14:25.00000,4083968.09350,521523.23272,50.52524,226.86226,121.11747,-0.11453,-0.99800,
2018-5-20 13:14:26.00000,4083967.52985,521524.17062,50.54842,227.96249,121.09160,-0.10913,-1.00894,
2018-5-20 13:14:27.00000,4083966.96130,521525.10782,50.56616,229.05379,121.09287,-0.10444,-1.01823,
2018-5-20 13:14:28.00000,4083966.39979,521526.04781,50.55667,230.15389,121.11163,-0.10754,-1.01637,
2018-5-20 13:14:29.00000,4083965.86226,521526.94669,50.54108,231.20576,121.11082,-0.10782,-1.01565,
2018-5-20 13:14:30.00000,4083965.34212,521527.81435,50.53472,232.21494,121.09800,-0.10609,-1.01185,
2018-5-20 13:14:31.00000,4083964.83387,521528.63485,50.55699,233.17300,121.09901,-0.12536,-1.00870,
2018-5-20 13:14:32.00000,4083964.34023,521529.45841,50.57964,234.13769,121.09548,-0.12024,-1.01573,
2018-5-20 13:14:33.00000,4083963.80173,521530.36493,50.56221,235.20713,121.07438,-0.10462,-1.01523,
2018-5-20 13:14:34.00000,4083963.22654,521531.32083,50.55302,236.33656,121.07900,-0.10175,-1.01113,
2018-5-20 13:14:35.00000,4083962.67295,521532.23050,50.53389,237.40160,121.10976,-0.09783,-1.00800,
2018-5-20 13:14:36.00000,4083962.15351,521533.09656,50.55357,238.40619,121.11926,-0.11000,-1.01230,
2018-5-20 13:14:37.00000,4083961.63131,521533.97012,50.53230,239.44700,121.11074,-0.10560,-1.02070,
2018-5-20 13:14:38.00000,4083961.09667,521534.85645,50.54582,240.47470,121.10100,-0.10321,-1.01279,
2018-5-20 13:14:39.00000,4083960.54227,521535.76970,50.56459,241.54532,121.09243,-0.08900,-1.01083,
2018-5-20 13:14:40.00000,4083960.00758,521536.66757,50.56239,242.59273,121.09494,-0.09753,-1.00926,
2018-5-20 13:14:41.00000,4083959.46240,521537.57720,50.55171,243.66100,121.10404,-0.11302,-1.00791,
2018-5-20 13:14:42.00000,4083958.88398,521538.52855,50.54881,244.79257,121.09896,-0.09800,-1.00340,
2018-5-20 13:14:43.00000,4083958.30470,521539.48502,50.55840,245.88802,121.07674,-0.09387,-1.00213,
2018-5-20 13:14:44.00000,4083957.75296,521540.40911,50.53802,246.98793,121.09280,-0.11176,-1.01296,
2018-5-20 13:14:45.00000,4083957.19853,521541.33548,50.54772,248.06434,121.10631,-0.10832,-1.01732,
2018-5-20 13:14:46.00000,4083956.64371,521542.25937,50.55260,249.13747,121.09568,-0.10734,-1.01483,
2018-5-20 13:14:47.00000,4083956.08750,521543.19783,50.54821,250.24726,121.08194,-0.09940,-1.00700,
2018-5-20 13:14:48.00000,4083955.52727,521544.13235,50.52919,251.33321,121.09660,-0.10816,-1.01360,
2018-5-20 13:14:49.00000,4083954.95383,521545.07422,50.54511,252.44176,121.08881,-0.11221,-1.01100,
2018-5-20 13:14:50.00000,4083954.40100,521545.99008,50.54481,253.51022,121.09711,-0.10900,-1.01456,
2018-5-20 13:14:51.00000,4083953.84162,521546.91928,50.56662,254.59355,121.09098,-0.10532,-1.01430,
2018-5-20 13:14:52.00000,4083953.27817,521547.85521,50.55139,255.69379,121.09145,-0.10564,-1.01128,
2018-5-20 13:14:53.00000,4083952.70818,521548.79979,50.53890,256.79630,121.10138,-0.11141,-1.01738,
2018-5-20 13:14:54.00000,4083952.12378,521549.76465,50.54418,257.93283,121.10957,-0.11843,-1.01528,
2018-5-20 13:14:55.00000,4083951.56131,521550.69147,50.53761,259.02542,121.09971,-0.11181,-1.01990,
2018-5-20 13:14:56.00000,4083951.00665,521551.61934,50.53763,260.09650,121.10700,-0.11500,-1.01800,
2018-5-20 13:14:57.00000,4083950.43979,521552.54355,50.54490,261.19876,121.11122,-0.11780,-1.00880,
2018-5-20 13:14:58.00000,4083949.87170,521553.49975,50.54424,262.30168,121.10068,-0.11768,-1.00497,
2018-5-20 13:14:59.00000,4083949.30560,521554.43572,50.55220,263.40121,121.11428,-0.10400,-0.99872,
2018-5-20 13:15:0.00000,4083948.72177,521555.39659,50.55138,264.53578,121.09707,-0.10996,-0.99507,
2018-5-20 13:15:1.00000,4083948.14152,521556.35750,50.55995,265.65072,121.09300,-0.13066,-1.00336,
2018-5-20 13:15:2.00000,4083947.56964,521557.30275,50.55816,266.75368,121.09170,-0.11991,-1.00487,
2018-5-20 13:15:3.00000,4083947.00136,521558.23183,50.55600,267.83756,121.09478,-0.09844,-1.01044,
2018-5-20 13:15:4.00000,4083946.46444,521559.15856,50.55737,268.93100,121.08611,-0.11257,-1.00811,
2018-5-20 13:15:5.00000,4083945.88579,521560.10293,50.51577,270.04894,121.11781,-0.10957,-1.01743,
2018-5-20 13:15:6.00000,4083945.29028,521561.08546,50.55075,271.19295,121.10271,-0.11033,-1.01352,
2018-5-20 13:15:7.00000,4083944.71207,521562.05698,50.55181,272.32196,121.10987,-0.09787,-1.01126,
2018-5-20 13:15:8.00000,4083944.13498,521562.97410,50.48821,273.43360,121.11843,-0.08315,-1.02170,
2018-5-20 13:15:9.00000,4083943.58533,521563.94790,50.54469,274.52633,121.09605,-0.10476,-1.00805,
2018-5-20 13:15:10.00000,4083943.00352,521564.90338,50.54417,275.65111,121.07909,-0.09600,-1.00309,
2018-5-20 13:15:11.00000,4083942.44477,521565.83778,50.54466,276.75719,121.09803,-0.10177,-1.01123,
2018-5-20 13:15:12.00000,4083941.86815,521566.79607,50.54255,277.87017,121.13272,-0.10643,-1.01143,
2018-5-20 13:15:13.00000,4083941.28090,521567.77596,50.56718,279.02302,121.09635,-0.09976,-1.00865,
2018-5-20 13:15:14.00000,4083940.68374,521568.77295,50.53960,280.17797,121.09932,-0.11052,-1.01700,
2018-5-20 13:15:15.00000,4083940.07528,521569.76187,50.55437,281.34313,121.11948,-0.09435,-1.01361,
2018-5-20 13:15:16.00000,4083939.50331,521570.71100,50.52855,282.46310,121.07310,-0.10500,-1.00661,
2018-5-20 13:15:17.00000,4083938.95184,521571.64162,50.55215,283.53000,121.09000,-0.10466,-1.00900,
2018-5-20 13:15:18.00000,4083938.39951,521572.55284,50.57667,284.60604,121.11451,-0.10551,-1.00823,
2018-5-20 13:15:19.00000,4083937.84306,521573.46960,50.56004,285.67671,121.09029,-0.12387,-1.00058,
2018-5-20 13:15:20.00000,4083937.29308,521574.39681,50.56583,286.75511,121.08900,-0.10736,-1.00828,
2018-5-20 13:15:21.00000,4083936.74759,521575.30940,50.56174,287.83875,121.12195,-0.10508,-1.01602,
2018-5-20 13:15:22.00000,4083936.18871,521576.22990,50.54254,288.91506,121.08247,-0.11823,-1.01323,
2018-5-20 13:15:23.00000,4083935.61622,521577.18483,50.56075,290.02568,121.07709,-0.11826,-1.01500,
2018-5-20 13:15:24.00000,4083935.04848,521578.12536,50.58007,291.12530,121.08794,-0.10924,-1.02041,
2018-5-20 13:15:25.00000,4083934.50432,521579.04801,50.57025,292.19619,121.09930,-0.10570,-1.01555,
2018-5-20 13:15:26.00000,4083933.96609,521579.94205,50.54776,293.25181,121.11400,-0.11815,-1.00789,
2018-5-20 13:15:27.00000,4083933.41563,521580.85147,50.56678,294.31196,121.12878,-0.11522,-1.01778,
2018-5-20 13:15:28.00000,4083932.84506,521581.80562,50.56061,295.43023,121.11200,-0.11766,-1.01500,
2018-5-20 13:15:29.00000,4083932.27519,521582.75104,50.55363,296.55100,121.10685,-0.12262,-1.00815,
2018-5-20 13:15:30.00000,4083931.70155,521583.70081,50.56820,297.65700,121.10400,-0.11200,-1.00600,
2018-5-20 13:15:31.00000,4083931.13163,521584.64782,50.56879,298.76726,121.12609,-0.11861,-1.02030,
2018-5-20 13:15:32.00000,4083930.56646,521585.59772,50.55941,299.87897,121.08026,-0.12387,-1.01474,
2018-5-20 13:15:33.00000,4083930.00567,521586.52794,50.55044,300.96113,121.07017,-0.10677,-1.00900,
2018-5-20 13:15:34.00000,4083929.44842,521587.46329,50.56777,302.06000,121.07974,-0.10153,-1.00753,
2018-5-20 13:15:35.00000,4083928.89173,521588.38542,50.56666,303.12677,121.09352,-0.09974,-1.00161,
2018-5-20 13:15:36.00000,4083928.34429,521589.30321,50.55935,304.20325,121.09740,-0.09200,-1.00300,
2018-5-20 13:15:37.00000,4083927.77535,521590.22682,50.54307,305.31060,121.12122,-0.07800,-1.01100,
2018-5-20 13:15:38.00000,4083927.22456,521591.17667,50.55001,306.40060,121.12343,-0.06121,-0.99043,
2018-5-20 13:15:39.00000,4083926.67582,521592.08731,50.55225,307.46038,121.07621,-0.10449,-1.02219,
2018-5-20 13:15:40.00000,4083926.12776,521592.97654,50.53618,308.50381,121.07975,-0.11327,-1.00948,
2018-5-20 13:15:41.00000,4083925.61594,521593.83686,50.55487,309.51000,121.08936,-0.11191,-1.00200,
2018-5-20 13:15:42.00000,4083925.10979,521594.66840,50.55106,310.48827,121.09781,-0.11215,-1.01695,
2018-5-20 13:15:43.00000,4083924.61575,521595.48869,50.55759,311.43643,121.11757,-0.10443,-1.01557,
2018-5-20 13:15:44.00000,4083924.13878,521596.28301,50.55859,312.36726,121.15526,-0.10339,-1.01487,
2018-5-20 13:15:45.00000,4083923.71590,521596.98728,50.56987,313.16616,121.10974,-0.10126,-1.00637,
2018-5-20 13:15:46.00000,4083923.38262,521597.53988,50.54619,313.81781,121.10479,-0.09921,-1.00815,
2018-5-20 13:15:47.00000,4083923.16014,521597.91881,50.55320,314.23561,121.07826,-0.09500,-1.01000,
2018-5-20 13:15:48.00000,4083923.03628,521598.11886,50.54582,314.46061,121.06355,-0.09345,-1.01200,
2018-5-20 13:15:49.00000,4083922.96858,521598.22364,50.54760,314.56800,121.06698,-0.09598,-1.01300,
2018-5-20 13:15:50.00000,4083922.95939,521598.25052,50.54743,314.58845,121.06332,-0.09432,-1.01300,
2018-5-20 13:15:51.00000,4083922.95625,521598.24740,50.54311,314.59100,121.06200,-0.09500,-1.01271,
2018-5-20 13:15:52.00000,4083922.95880,521598.24761,50.53821,314.59100,121.06300,-0.09500,-1.01200,
2018-5-20 13:15:53.00000,4083922.96348,521598.24787,50.53664,314.59100,121.06289,-0.09600,-1.01200,
2018-5-20 13:15:54.00000,4083922.96080,521598.24917,50.54005,314.59100,121.06300,-0.09600,-1.01200,
2018-5-20 13:15:55.00000,4083922.96168,521598.24924,50.54105,314.58300,121.06300,-0.09600,-1.01200,
2018-5-20 13:15:56.00000,4083922.95713,521598.25164,50.54762,314.58300,121.06300,-0.09700,-1.01200,
2018-5-20 13:15:57.00000,4083922.95850,521598.24717,50.53612,314.58300,121.06232,-0.09632,-1.01200,
2018-5-20 13:15:58.00000,4083922.95892,521598.25304,50.54124,314.58300,121.06328,-0.09700,-1.01200,
2018-5-20 13:15:59.00000,4083922.96170,521598.25424,50.54870,314.58300,121.06300,-0.09698,-1.01200,
2018-5-20 13:16:0.00000,4083922.95917,521598.24794,50.53956,314.58300,121.06300,-0.09635,-1.01200,
2018-5-20 13:16:1.00000,4083922.96016,521598.24963,50.53192,314.58300,121.06300,-0.09600,-1.01200,
2018-5-20 13:16:2.00000,4083922.96133,521598.24750,50.53535,314.58300,121.06200,-0.09600,-1.01200,
2018-5-20 13:16:3.00000,4083922.96126,521598.25068,50.53346,314.58300,121.06100,-0.09600,-1.01200,
2018-5-20 13:16:4.00000,4083922.96102,521598.25231,50.53977,314.58300,121.06200,-0.09600,-1.01200,
2018-5-20 13:16:5.00000,4083922.95571,521598.25305,50.54068,314.58300,121.06200,-0.09600,-1.01300,
2018-5-20 13:16:6.00000,4083922.95939,521598.25414,50.53012,314.58300,121.06200,-0.09600,-1.01300,
2018-5-20 13:16:7.00000,4083922.95783,521598.24855,50.53086,314.58300,121.06200,-0.09600,-1.01200,
2018-5-20 13:16:8.00000,4083922.95867,521598.25607,50.54325,314.58300,121.06200,-0.09600,-1.01222,
2018-5-20 13:16:9.00000,4083922.95902,521598.25542,50.55344,314.58300,121.06300,-0.09600,-1.01200,
2018-5-20 13:16:10.00000,4083922.96066,521598.25647,50.55510,314.58300,121.06200,-0.09600,-1.01200,
2018-5-20 13:16:11.00000,4083922.95816,521598.25170,50.52826,314.58300,121.06200,-0.09600,-1.01200,
2018-5-20 13:16:12.00000,4083922.95194,521598.25365,50.54621,314.58300,121.06200,-0.09600,-1.01200,
2018-5-20 13:16:13.00000,4083922.96254,521598.25098,50.52425,314.58300,121.06200,-0.09600,-1.01200,
2018-5-20 13:16:14.00000,4083922.95794,521598.25055,50.52788,314.58300,121.06200,-0.09600,-1.01238,
2018-5-20 13:16:15.00000,4083922.96264,521598.25223,50.53511,314.58300,121.06208,-0.09600,-1.01200,
2018-5-20 13:16:16.00000,4083922.95833,521598.25362,50.53736,314.58300,121.06200,-0.09600,-1.01200,
2018-5-20 13:16:17.00000,4083922.96011,521598.25129,50.53698,314.58300,121.06200,-0.09600,-1.01200,
2018-5-20 13:16:18.00000,4083922.95857,521598.24954,50.53436,314.58300,121.06201,-0.09600,-1.01200,
2018-5-20 13:35:58.00000,4083922.94647,521598.24685,50.60730,314.58300,121.06900,-0.09400,-1.01400,
2018-5-20 13:35:59.00000,4083922.94756,521598.24987,50.60219,314.58300,121.06900,-0.09400,-1.01400,
2018-5-20 13:36:0.00000,4083922.95049,521598.25128,50.60478,314.58300,121.06900,-0.09400,-1.01400,
2018-5-20 13:36:1.00000,4083922.95003,521598.25228,50.61606,314.58300,121.06900,-0.09400,-1.01400,
2018-5-20 13:36:2.00000,4083922.94085,521598.25217,50.60580,314.58300,121.06900,-0.09400,-1.01400,
2018-5-20 13:36:3.00000,4083922.94783,521598.25052,50.59616,314.58300,121.06900,-0.09400,-1.01400,
2018-5-20 13:36:4.00000,4083922.95052,521598.24750,50.60723,314.58300,121.06900,-0.09400,-1.01400,
2018-5-20 13:36:5.00000,4083922.94467,521598.24770,50.61320,314.58300,121.06900,-0.09400,-1.01400,
2018-5-20 13:36:6.00000,4083922.94531,521598.25238,50.61285,314.58300,121.06900,-0.09400,-1.01400,
2018-5-20 13:36:7.00000,4083922.94432,521598.24517,50.61066,314.58300,121.06900,-0.09400,-1.01400,
2018-5-20 13:36:8.00000,4083922.94790,521598.24850,50.60323,314.58300,121.06900,-0.09400,-1.01400,
2018-5-20 13:36:9.00000,4083922.94899,521598.24419,50.60825,314.58300,121.06900,-0.09400,-1.01400,
2018-5-20 13:36:10.00000,4083922.94664,521598.24643,50.60657,314.58300,121.06900,-0.09400,-1.01400,
2018-5-20 13:36:11.00000,4083922.95202,521598.24620,50.60506,314.58300,121.06900,-0.09400,-1.01400,
2018-5-20 13:36:12.00000,4083922.94658,521598.25173,50.61266,314.58300,121.06900,-0.09400,-1.01400,
2018-5-20 13:36:13.00000,4083922.94566,521598.24714,50.60788,314.58300,121.06900,-0.09400,-1.01400,
2018-5-20 13:36:14.00000,4083922.94597,521598.24958,50.61246,314.58300,121.06900,-0.09400,-1.01400,
2018-5-20 13:36:15.00000,4083922.94166,521598.24844,50.61371,314.58300,121.06900,-0.09400,-1.01400,
2018-5-20 13:36:16.00000,4083922.94772,521598.24848,50.61630,314.58300,121.06900,-0.09400,-1.01400,
2018-5-20 13:36:17.00000,4083922.94050,521598.24796,50.61975,314.58300,121.06900,-0.09400,-1.01400,
2018-5-20 13:36:18.00000,4083922.94318,521598.25182,50.61386,314.58300,121.06900,-0.09400,-1.01400,
2018-5-20 13:36:19.00000,4083922.94554,521598.24905,50.60837,314.58300,121.06900,-0.09400,-1.01400,
2018-5-20 13:36:20.00000,4083922.94369,521598.25037,50.61867,314.58300,121.06900,-0.09400,-1.01400,
2018-5-20 13:36:21.00000,4083922.94771,521598.24934,50.61431,314.58300,121.06900,-0.09400,-1.01400,
2018-5-20 13:36:22.00000,4083922.94249,521598.24866,50.61093,314.58300,121.06900,-0.09400,-1.01400,
2018-5-20 13:36:23.00000,4083922.94400,521598.25285,50.61261,314.58300,121.06900,-0.09400,-1.01400,
2018-5-20 13:36:24.00000,4083922.94893,521598.24842,50.60552,314.58300,121.06900,-0.09400,-1.01400,
2018-5-20 13:36:25.00000,4083922.95089,521598.24686,50.61873,314.58300,121.06900,-0.09400,-1.01400,
2018-5-20 13:36:26.00000,4083922.94123,521598.24785,50.61028,314.58300,121.06900,-0.09400,-1.01400,
2018-5-20 13:36:27.00000,4083922.94364,521598.24935,50.60757,314.58300,121.06900,-0.09400,-1.01400,
2018-5-20 13:36:28.00000,4083922.94679,521598.24731,50.61254,314.58300,121.06900,-0.09400,-1.01400,
2018-5-20 13:36:29.00000,4083922.94060,521598.25034,50.61746,314.58300,121.06900,-0.09400,-1.01400,
2018-5-20 13:36:30.00000,4083922.94579,521598.24794,50.61321,314.58300,121.06900,-0.09400,-1.01400,
2018-5-20 13:36:31.00000,4083922.94959,521598.24144,50.61111,314.58300,121.06900,-0.09400,-1.01400,
2018-5-20 13:36:32.00000,4083922.95269,521598.24453,50.60416,314.58300,121.06900,-0.09400,-1.01400,
2018-5-20 13:36:33.00000,4083922.94348,521598.24006,50.59976,314.58300,121.06900,-0.09400,-1.01400,
2018-5-20 13:36:34.00000,4083922.94122,521598.24781,50.61196,314.58300,121.06900,-0.09400,-1.01400,
2018-5-20 13:36:35.00000,4083922.94370,521598.24634,50.60615,314.58300,121.06900,-0.09400,-1.01400,
2018-5-20 13:36:36.00000,4083922.95164,521598.24603,50.60623,314.58300,121.06900,-0.09400,-1.01400,
2018-5-20 13:36:37.00000,4083922.94846,521598.24746,50.61447,314.58300,121.06900,-0.09400,-1.01400,
2018-5-20 13:36:38.00000,4083922.95127,521598.24400,50.60671,314.58300,121.06900,-0.09400,-1.01400,
2018-5-20 13:36:39.00000,4083922.94700,521598.24430,50.61124,314.58300,121.06900,-0.09400,-1.01400,
2018-5-20 13:36:40.00000,4083922.95285,521598.24367,50.59944,314.58300,121.07098,-0.09300,-1.01400,
2018-5-20 13:36:41.00000,4083922.94879,521598.23968,50.60251,314.58300,121.07200,-0.09400,-1.01400,
2018-5-20 13:36:42.00000,4083922.89781,521598.33546,50.61862,314.69570,121.06011,-0.09700,-1.01032,
2018-5-20 13:36:43.00000,4083922.76290,521598.54149,50.61732,314.95887,121.05341,-0.10041,-1.01020,
2018-5-20 13:36:44.00000,4083922.57871,521598.85340,50.61792,315.32672,121.04983,-0.09083,-1.01034,
2018-5-20 13:36:45.00000,4083922.34689,521599.24216,50.62126,315.79394,121.07087,-0.09913,-1.01513,
2018-5-20 13:36:46.00000,4083922.06186,521599.71578,50.62598,316.36971,121.09900,-0.10857,-1.01514,
2018-5-20 13:36:47.00000,4083921.72847,521600.26912,50.61495,317.02351,121.11826,-0.11306,-1.01113,
2018-5-20 13:36:48.00000,4083921.35865,521600.86287,50.61028,317.72153,121.11664,-0.12400,-1.01009,
2018-5-20 13:36:49.00000,4083920.99501,521601.48004,50.60828,318.44500,121.11400,-0.10200,-1.00600,
2018-5-20 13:36:50.00000,4083920.62042,521602.10570,50.61924,319.17338,121.10430,-0.08970,-1.01630,
2018-5-20 13:36:51.00000,4083920.23437,521602.75244,50.61889,319.94217,121.09281,-0.09800,-1.01600,
2018-5-20 13:36:52.00000,4083919.80748,521603.44065,50.62045,320.75279,121.08165,-0.11017,-1.01225,
2018-5-20 13:36:53.00000,4083919.38891,521604.15186,50.62516,321.58372,121.11900,-0.11206,-1.01340,
2018-5-20 13:36:54.00000,4083918.96318,521604.88396,50.62931,322.45303,121.09748,-0.10413,-1.01226,
2018-5-20 13:36:55.00000,4083918.49834,521605.64718,50.62588,323.32454,121.10883,-0.10491,-1.01654,
2018-5-20 13:36:56.00000,4083918.05504,521606.40281,50.61506,324.20824,121.13452,-0.10180,-1.00820,
2018-5-20 13:36:57.00000,4083917.59341,521607.14302,50.64443,325.08206,121.10700,-0.10771,-1.00887,
2018-5-20 13:36:58.00000,4083917.13935,521607.89236,50.61176,325.96200,121.09796,-0.11364,-1.01836,
2018-5-20 13:36:59.00000,4083916.71026,521608.62829,50.59692,326.82975,121.09198,-0.11397,-1.02794,
2018-5-20 13:37:0.00000,4083916.24936,521609.36870,50.62031,327.70555,121.11347,-0.10740,-1.01866,
2018-5-20 13:37:1.00000,4083915.80362,521610.13573,50.61860,328.58300,121.12809,-0.12317,-1.01217,
2018-5-20 13:37:2.00000,4083915.33820,521610.89087,50.60559,329.49079,121.12300,-0.11721,-1.00743,
2018-5-20 13:37:3.00000,4083914.86573,521611.67036,50.61406,330.38215,121.10215,-0.13015,-1.01760,
2018-5-20 13:37:4.00000,4083914.41450,521612.43428,50.62048,331.29000,121.06260,-0.13000,-1.01630,
2018-5-20 13:37:5.00000,4083913.94090,521613.21611,50.62030,332.19940,121.09865,-0.10676,-1.01441,
2018-5-20 13:37:6.00000,4083913.48076,521613.99049,50.64029,333.10591,121.11609,-0.09609,-1.01883,
2018-5-20 13:37:7.00000,4083912.99402,521614.78741,50.61935,334.05300,121.08277,-0.08985,-1.01762,
2018-5-20 13:37:8.00000,4083912.51384,521615.60126,50.62088,334.99225,121.10302,-0.09595,-1.00803,
2018-5-20 13:37:9.00000,4083912.02278,521616.41294,50.61773,335.95500,121.10804,-0.10136,-1.00972,
2018-5-20 13:37:10.00000,4083911.51663,521617.24691,50.62778,336.93765,121.10816,-0.10058,-1.01029,
2018-5-20 13:37:11.00000,4083911.02231,521618.07169,50.62135,337.89266,121.10800,-0.10118,-1.02400,
2018-5-20 13:37:12.00000,4083910.52236,521618.89573,50.62610,338.86046,121.10100,-0.09946,-1.02409,
2018-5-20 13:37:13.00000,4083910.03378,521619.72038,50.62319,339.83021,121.09911,-0.10989,-1.01423,
2018-5-20 13:37:14.00000,4083909.52275,521620.55473,50.63791,340.80200,121.09500,-0.10653,-1.01400,
2018-5-20 13:37:15.00000,4083909.02477,521621.39362,50.63525,341.78100,121.11683,-0.09906,-1.02123,
2018-5-20 13:37:16.00000,4083908.53275,521622.20970,50.62440,342.73260,121.09615,-0.08961,-1.01623,
2018-5-20 13:37:17.00000,4083908.05554,521623.01226,50.63192,343.66730,121.09149,-0.09170,-1.01230,
2018-5-20 13:37:18.00000,4083907.58503,521623.79852,50.60565,344.59900,121.12500,-0.11100,-1.01400,
2018-5-20 13:37:19.00000,4083907.09270,521624.60065,50.60633,345.53800,121.12600,-0.09319,-1.01472,
2018-5-20 13:37:20.00000,4083906.58428,521625.44763,50.60795,346.53351,121.08319,-0.09619,-1.00813,
2018-5-20 13:37:21.00000,4083906.06025,521626.30578,50.61758,347.53843,121.10057,-0.08657,-1.00643,
2018-5-20 13:37:22.00000,4083905.54412,521627.17113,50.61170,348.55300,121.13862,-0.09474,-1.01038,
2018-5-20 13:37:23.00000,4083905.02385,521628.02272,50.60880,349.55364,121.09383,-0.09200,-1.00102,
2018-5-20 13:37:24.00000,4083904.51124,521628.88359,50.60355,350.56318,121.10261,-0.11640,-1.00902,
2018-5-20 13:37:25.00000,4083903.98813,521629.74522,50.60896,351.56800,121.11468,-0.11868,-1.01411,
2018-5-20 13:37:26.00000,4083903.47246,521630.59418,50.60192,352.57477,121.12560,-0.11160,-1.01719,
2018-5-20 13:37:27.00000,4083902.96615,521631.44565,50.59891,353.56610,121.12006,-0.09897,-1.01098,
2018-5-20 13:37:28.00000,4083902.43216,521632.31930,50.60154,354.59446,121.10535,-0.09070,-1.00565,
2018-5-20 13:37:29.00000,4083901.91009,521633.19522,50.60145,355.61508,121.08327,-0.11727,-1.00410,
2018-5-20 13:37:30.00000,4083901.38559,521634.05647,50.60855,356.62000,121.08926,-0.08926,-1.00579,
2018-5-20 13:37:31.00000,4083900.87211,521634.92499,50.60282,357.64600,121.12289,-0.07789,-1.01111,
2018-5-20 13:37:32.00000,4083900.35475,521635.78598,50.60191,358.64902,121.08787,-0.08156,-1.01256,
2018-5-20 13:37:33.00000,4083899.83406,521636.64789,50.59611,359.66209,121.08998,-0.11177,-1.02274,
2018-5-20 13:37:34.00000,4083899.30851,521637.52284,50.59332,360.68962,121.08800,-0.11105,-1.01384,
2018-5-20 13:37:35.00000,4083898.77826,521638.39993,50.60364,361.70660,121.10698,-0.08628,-1.00328,
2018-5-20 13:37:36.00000,4083898.24835,521639.27912,50.60384,362.74400,121.08628,-0.10017,-1.00566,
2018-5-20 13:37:37.00000,4083897.71406,521640.16158,50.59925,363.77432,121.11127,-0.10173,-1.01100,
2018-5-20 13:37:38.00000,4083897.17708,521641.06204,50.61145,364.83072,121.10566,-0.09966,-1.01698,
2018-5-20 13:37:39.00000,4083896.62413,521641.96461,50.60795,365.89334,121.09691,-0.09900,-1.01109,
2018-5-20 13:37:40.00000,4083896.08841,521642.86161,50.61279,366.93905,121.11282,-0.09256,-1.01705,
2018-5-20 13:37:41.00000,4083895.55939,521643.75481,50.59937,367.97709,121.11389,-0.10033,-1.01889,
2018-5-20 13:37:42.00000,4083895.04967,521644.61260,50.60260,368.97900,121.11281,-0.11162,-1.01738,
2018-5-20 13:37:43.00000,4083894.54519,521645.45583,50.59429,369.95100,121.10181,-0.11519,-1.02257,
2018-5-20 13:37:44.00000,4083894.05483,521646.27988,50.60143,370.92178,121.11678,-0.10643,-1.01867,
2018-5-20 13:37:45.00000,4083893.54884,521647.09859,50.59222,371.89247,121.07600,-0.08000,-1.01087,
2018-5-20 13:37:46.00000,4083893.03519,521647.95778,50.59402,372.88666,121.10291,-0.09791,-1.01504,
2018-5-20 13:37:47.00000,4083892.53095,521648.82640,50.59730,373.92066,121.12066,-0.12034,-1.02830,
2018-5-20 13:37:48.00000,4083891.98803,521649.70924,50.59487,374.94602,121.10806,-0.10004,-1.01813,
2018-5-20 13:37:49.00000,4083891.45839,521650.59785,50.59792,375.98800,121.08745,-0.09300,-1.01011,
2018-5-20 13:37:50.00000,4083890.92401,521651.46785,50.56924,377.01536,121.09509,-0.13483,-1.00809,
2018-5-20 13:37:51.00000,4083890.37323,521652.38441,50.60622,378.07809,121.11457,-0.09900,-1.01315,
2018-5-20 13:37:52.00000,4083889.83320,521653.27570,50.62529,379.11840,121.10123,-0.09274,-1.01300,
2018-5-20 13:37:53.00000,4083889.28610,521654.17279,50.58966,380.17781,121.12715,-0.10430,-1.01840,
2018-5-20 13:37:54.00000,4083888.73998,521655.07753,50.59489,381.25285,121.11545,-0.10868,-1.01689,
2018-5-20 13:37:55.00000,4083888.19823,521655.99545,50.58969,382.30368,121.10285,-0.11385,-1.00510,
2018-5-20 13:37:56.00000,4083887.66236,521656.88788,50.60555,383.35668,121.09252,-0.09852,-0.99948,
2018-5-20 13:37:57.00000,4083887.12729,521657.78431,50.61904,384.39131,121.11024,-0.11455,-1.00952,
2018-5-20 13:37:58.00000,4083886.59894,521658.64041,50.59760,385.39939,121.08668,-0.10800,-1.01523,
2018-5-20 13:37:59.00000,4083886.07307,521659.50662,50.60404,386.42524,121.11698,-0.11819,-1.02198,
2018-5-20 13:38:0.00000,4083885.53255,521660.41877,50.59601,387.48906,121.08918,-0.10095,-1.02594,
2018-5-20 13:38:1.00000,4083884.98047,521661.34811,50.59245,388.57274,121.07547,-0.08800,-1.01153,
2018-5-20 13:38:2.00000,4083884.42931,521662.26268,50.60562,389.64098,121.10749,-0.09911,-1.00202,
2018-5-20 13:38:3.00000,4083883.88765,521663.16665,50.59990,390.70148,121.10158,-0.09629,-1.00271,
2018-5-20 13:38:4.00000,4083883.33809,521664.07535,50.61075,391.76687,121.08583,-0.09383,-1.01070,
2018-5-20 13:38:5.00000,4083882.79259,521664.98692,50.60669,392.81883,121.07270,-0.09490,-1.01070,
2018-5-20 13:38:6.00000,4083882.25599,521665.88427,50.60089,393.87438,121.10930,-0.09019,-1.00949,
2018-5-20 13:38:7.00000,4083881.70237,521666.80157,50.62116,394.95300,121.10300,-0.10800,-1.01500,
2018-5-20 13:38:8.00000,4083881.13840,521667.71782,50.61774,396.03400,121.12690,-0.11143,-1.02152,
2018-5-20 13:38:9.00000,4083880.57782,521668.66432,50.62673,397.13951,121.11319,-0.10206,-1.02213,
2018-5-20 13:38:10.00000,4083880.01351,521669.59272,50.62413,398.21813,121.11353,-0.10123,-1.02153,
2018-5-20 13:38:11.00000,4083879.48417,521670.47592,50.61311,399.25413,121.09887,-0.09900,-1.02552,
2018-5-20 13:38:12.00000,4083878.95182,521671.35773,50.60359,400.29464,121.10768,-0.10451,-1.02500,
2018-5-20 13:38:13.00000,4083878.42530,521672.23603,50.59863,401.32718,121.08184,-0.09058,-1.01240,
2018-5-20 13:38:14.00000,4083877.89819,521673.12494,50.58447,402.36322,121.11530,-0.09674,-1.01526,
2018-5-20 13:38:15.00000,4083877.34545,521674.01968,50.61450,403.40561,121.11217,-0.09839,-1.02078,
2018-5-20 13:38:16.00000,4083876.81628,521674.90142,50.60775,404.43224,121.05998,-0.11702,-1.00695,
2018-5-20 13:38:17.00000,4083876.27744,521675.80623,50.58879,405.51045,121.10236,-0.09060,-1.00413,
2018-5-20 13:38:18.00000,4083875.73860,521676.71716,50.59984,406.57443,121.14243,-0.08286,-1.02014,
2018-5-20 13:38:19.00000,4083875.19649,521677.61347,50.60155,407.61591,121.10117,-0.09872,-1.03051,
2018-5-20 13:38:20.00000,4083874.66353,521678.50080,50.61902,408.64957,121.11445,-0.10845,-1.03545,
2018-5-20 13:38:21.00000,4083874.14013,521679.36010,50.60517,409.65714,121.09043,-0.11757,-1.02600,
2018-5-20 13:38:22.00000,4083873.62195,521680.22230,50.61085,410.66700,121.06694,-0.11498,-1.00651,
2018-5-20 13:38:23.00000,4083873.08490,521681.11213,50.61712,411.71503,121.07265,-0.10684,-1.01035,
2018-5-20 13:38:24.00000,4083872.54074,521682.01475,50.62425,412.76854,121.11973,-0.09968,-1.01910,
2018-5-20 13:38:25.00000,4083872.02713,521682.88914,50.61273,413.79421,121.13883,-0.11211,-1.01955,
2018-5-20 13:38:26.00000,4083871.49167,521683.75203,50.60445,414.81800,121.11006,-0.11398,-1.02400,
2018-5-20 13:38:27.00000,4083870.97397,521684.62392,50.62669,415.82835,121.11000,-0.10361,-1.02196,
2018-5-20 13:38:28.00000,4083870.44518,521685.51435,50.62196,416.86952,121.09703,-0.10006,-1.01581,
2018-5-20 13:38:29.00000,4083869.91725,521686.39696,50.62255,417.90005,121.10482,-0.09744,-1.00944,
2018-5-20 13:38:30.00000,4083869.36747,521687.30532,50.62036,418.97102,121.11351,-0.10087,-1.01413,
2018-5-20 13:38:31.00000,4083868.80757,521688.24697,50.62560,420.07344,121.11065,-0.10013,-1.01796,
2018-5-20 13:38:32.00000,4083868.25324,521689.15808,50.63364,421.12553,121.09104,-0.09838,-1.00819,
2018-5-20 13:38:33.00000,4083867.74055,521690.02652,50.62421,422.14289,121.12700,-0.09500,-1.00811,
2018-5-20 13:38:34.00000,4083867.23277,521690.89443,50.63389,423.15745,121.10600,-0.09589,-1.01444,
2018-5-20 13:38:35.00000,4083866.69089,521691.76759,50.62572,424.18662,121.09791,-0.09996,-1.01413,
2018-5-20 13:38:36.00000,4083866.14216,521692.68384,50.61998,425.25200,121.07672,-0.09432,-1.00468,
2018-5-20 13:38:37.00000,4083865.60755,521693.56156,50.62930,426.28617,121.06204,-0.10498,-0.99715,
2018-5-20 13:38:38.00000,4083865.07181,521694.42624,50.62956,427.30400,121.13134,-0.08800,-1.00400,
2018-5-20 13:38:39.00000,4083864.57905,521695.28863,50.61271,428.29348,121.13565,-0.09665,-1.00503,
2018-5-20 13:38:40.00000,4083864.07729,521696.13712,50.62263,429.27827,121.11216,-0.10768,-1.00452,
2018-5-20 13:38:41.00000,4083863.56919,521696.96911,50.59479,430.27149,121.08949,-0.10951,-1.00998,
2018-5-20 13:38:42.00000,4083863.02142,521697.83578,50.61278,431.30413,121.07929,-0.11029,-1.00300,
2018-5-20 13:38:43.00000,4083862.49902,521698.73006,50.62753,432.33609,121.10026,-0.07943,-1.00157,
2018-5-20 13:38:44.00000,4083861.96868,521699.61036,50.61750,433.36735,121.10830,-0.10226,-0.99789,
2018-5-20 13:38:45.00000,4083861.44295,521700.48153,50.62412,434.39392,121.11690,-0.10227,-1.00227,
2018-5-20 13:38:46.00000,4083860.90148,521701.38009,50.62215,435.44472,121.10832,-0.09134,-0.99766,
2018-5-20 13:38:47.00000,4083860.35899,521702.26787,50.62650,436.49078,121.10487,-0.11497,-0.99706,
2018-5-20 13:38:48.00000,4083859.82165,521703.17112,50.65170,437.52823,121.08760,-0.10221,-1.00202,
2018-5-20 13:38:49.00000,4083859.27796,521704.05507,50.64248,438.58385,121.13179,-0.10279,-1.00689,
2018-5-20 13:38:50.00000,4083858.74517,521704.94172,50.63773,439.60695,121.11919,-0.10441,-1.00359,
2018-5-20 13:38:51.00000,4083858.22254,521705.81875,50.64807,440.63553,121.12149,-0.11934,-1.01468,
2018-5-20 13:38:52.00000,4083857.70494,521706.69012,50.63820,441.65998,121.11887,-0.11600,-1.01438,
2018-5-20 13:38:53.00000,4083857.18397,521707.55830,50.61981,442.67823,121.09023,-0.10753,-1.01394,
2018-5-20 13:38:54.00000,4083856.63803,521708.45164,50.61977,443.72000,121.09687,-0.11274,-1.00713,
2018-5-20 13:38:55.00000,4083856.10721,521709.34074,50.61475,444.76248,121.10806,-0.11055,-1.01155,
2018-5-20 13:38:56.00000,4083855.57044,521710.24729,50.61304,445.81200,121.09600,-0.10800,-1.00000,
2018-5-20 13:38:57.00000,4083855.01930,521711.15018,50.59648,446.88823,121.10140,-0.10400,-1.00430,
2018-5-20 13:38:58.00000,4083854.47564,521712.06112,50.58998,447.96385,121.08831,-0.09869,-1.00661,
2018-5-20 13:38:59.00000,4083853.92588,521712.98271,50.58848,449.03083,121.09670,-0.10422,-1.00500,
2018-5-20 13:39:0.00000,4083853.36612,521713.89986,50.59296,450.11348,121.11700,-0.12057,-1.00648,
2018-5-20 13:39:1.00000,4083852.79276,521714.84319,50.62347,451.20289,121.11411,-0.12066,-1.01266,
2018-5-20 13:39:2.00000,4083852.26203,521715.76694,50.59511,452.28043,121.10679,-0.09500,-1.02145,
2018-5-20 13:39:3.00000,4083851.71790,521716.65246,50.58349,453.33167,121.07700,-0.10024,-1.01838,
2018-5-20 13:39:4.00000,4083851.17440,521717.54453,50.58188,454.36887,121.12077,-0.10562,-1.01223,
2018-5-20 13:39:5.00000,4083850.62621,521718.44730,50.57173,455.43811,121.12968,-0.10936,-1.01228,
2018-5-20 13:39:6.00000,4083850.08788,521719.35849,50.57495,456.49381,121.13124,-0.08500,-1.01176,
2018-5-20 13:39:7.00000,4083849.54679,521720.25772,50.59064,457.55045,121.10823,-0.07585,-1.00923,
2018-5-20 13:39:8.00000,4083849.00068,521721.15957,50.58654,458.62003,121.11726,-0.09694,-1.00613,
2018-5-20 13:39:9.00000,4083848.45072,521722.08525,50.61196,459.66915,121.11434,-0.09045,-1.00434,
2018-5-20 13:39:10.00000,4083847.89559,521722.99177,50.62057,460.73719,121.09345,-0.09544,-1.00260,
2018-5-20 13:39:11.00000,4083847.34297,521723.89448,50.62198,461.80448,121.10094,-0.10213,-1.00065,
2018-5-20 13:39:12.00000,4083846.79754,521724.82380,50.59925,462.89196,121.12243,-0.10300,-1.00613,
2018-5-20 13:39:13.00000,4083846.23716,521725.75617,50.61010,463.98632,121.10000,-0.10500,-0.99974,
2018-5-20 13:39:14.00000,4083845.67627,521726.67584,50.62709,465.04977,121.10300,-0.10500,-0.99830,
2018-5-20 13:39:15.00000,4083845.12750,521727.61154,50.61865,466.13500,121.12300,-0.11100,-1.01100,
2018-5-20 13:39:16.00000,4083844.57051,521728.53951,50.63380,467.22690,121.10642,-0.08897,-1.01152,
2018-5-20 13:39:17.00000,4083844.00800,521729.46357,50.62864,468.29751,121.10468,-0.09874,-1.01232,
2018-5-20 13:39:18.00000,4083843.46768,521730.37853,50.61771,469.38226,121.08400,-0.10083,-1.01600,
2018-5-20 13:39:19.00000,4083842.90646,521731.28244,50.61259,470.45900,121.08300,-0.11240,-1.00160,
2018-5-20 13:39:20.00000,4083842.35785,521732.22649,50.60280,471.53864,121.09717,-0.11349,-0.99749,
2018-5-20 13:39:21.00000,4083841.79993,521733.12587,50.60877,472.60283,121.09279,-0.10321,-1.00262,
2018-5-20 13:39:22.00000,4083841.25891,521734.00878,50.61181,473.63319,121.11184,-0.10800,-1.00984,
2018-5-20 13:39:23.00000,4083840.73888,521734.88161,50.61019,474.65436,121.13100,-0.09460,-1.01100,
2018-5-20 13:39:24.00000,4083840.21234,521735.75799,50.63124,475.66800,121.11425,-0.11000,-1.00819,
2018-5-20 13:39:25.00000,4083839.68848,521736.63929,50.59109,476.70900,121.09170,-0.10900,-1.01500,
2018-5-20 13:39:26.00000,4083839.16218,521737.51298,50.58832,477.76289,121.11882,-0.10400,-1.00955,
2018-5-20 13:39:27.00000,4083838.63212,521738.42670,50.58370,478.81271,121.13581,-0.10339,-1.00916,
2018-5-20 13:39:28.00000,4083838.06999,521739.33796,50.58400,479.89391,121.10704,-0.09874,-1.01474,
2018-5-20 13:39:29.00000,4083837.52648,521740.25027,50.60995,480.96232,121.10090,-0.11100,-1.01500,
2018-5-20 13:39:30.00000,4083836.97752,521741.14878,50.60331,482.01351,121.09500,-0.11200,-0.99806,
2018-5-20 13:39:31.00000,4083836.44430,521742.03621,50.58698,483.06470,121.11936,-0.10915,-0.99806,
2018-5-20 13:39:32.00000,4083835.88835,521742.96552,50.60509,484.14368,121.13368,-0.11265,-1.01103,
2018-5-20 13:39:33.00000,4083835.33328,521743.88529,50.59383,485.22749,121.10489,-0.10428,-1.00738,
2018-5-20 13:39:34.00000,4083834.78179,521744.79506,50.60027,486.29083,121.09191,-0.12600,-1.00009,
2018-5-20 13:39:35.00000,4083834.22976,521745.68542,50.60602,487.31972,121.09700,-0.10262,-1.00336,
2018-5-20 13:39:36.00000,4083833.69392,521746.58014,50.59504,488.39000,121.10687,-0.08696,-1.00500,
2018-5-20 13:39:37.00000,4083833.14609,521747.51661,50.60603,489.46656,121.08556,-0.07978,-1.00056,
2018-5-20 13:39:38.00000,4083832.58871,521748.44317,50.61154,490.54496,121.09379,-0.09921,-0.99789,
2018-5-20 13:39:39.00000,4083832.03325,521749.36748,50.60448,491.64028,121.10462,-0.10319,-1.00781,
2018-5-20 13:39:40.00000,4083831.46994,521750.32094,50.61115,492.73157,121.13065,-0.08635,-1.00535,
2018-5-20 13:39:41.00000,4083830.90579,521751.25333,50.61521,493.81900,121.12674,-0.10874,-1.00664,
2018-5-20 13:39:42.00000,4083830.36045,521752.15456,50.62707,494.87395,121.11500,-0.11500,-1.01161,
2018-5-20 13:39:43.00000,4083829.84370,521753.02531,50.60691,495.89561,121.08213,-0.09617,-1.00904,
2018-5-20 13:39:44.00000,4083829.30954,521753.91125,50.61516,496.93487,121.10200,-0.09304,-0.99774,
2018-5-20 13:39:45.00000,4083828.77628,521754.78457,50.61700,497.94817,121.10996,-0.08306,-0.99104,
2018-5-20 13:39:46.00000,4083828.25462,521755.65703,50.61605,498.98200,121.08628,-0.10311,-1.00006,
2018-5-20 13:39:47.00000,4083827.71411,521756.55724,50.59731,500.04446,121.10832,-0.10010,-1.00137,
2018-5-20 13:39:48.00000,4083827.17229,521757.45384,50.60699,501.08100,121.13321,-0.08679,-0.99879,
2018-5-20 13:39:49.00000,4083826.63818,521758.34025,50.59868,502.12691,121.10151,-0.09598,-1.00402,
2018-5-20 13:39:50.00000,4083826.08977,521759.24458,50.61131,503.18089,121.10300,-0.08900,-1.00144,
2018-5-20 13:39:51.00000,4083825.54884,521760.16259,50.61021,504.24998,121.10011,-0.10866,-0.99879,
2018-5-20 13:39:52.00000,4083825.00728,521761.05515,50.61551,505.30165,121.10277,-0.10806,-1.00461,
2018-5-20 13:39:53.00000,4083824.47757,521761.93814,50.61049,506.33394,121.11938,-0.10277,-1.00268,
2018-5-20 13:39:54.00000,4083823.94465,521762.82450,50.59793,507.37355,121.11036,-0.11636,-1.00428,
2018-5-20 13:39:55.00000,4083823.39785,521763.72167,50.59258,508.43602,121.10868,-0.13798,-1.00403,
2018-5-20 13:39:56.00000,4083822.85756,521764.63262,50.59859,509.48906,121.10430,-0.10953,-0.99677,
2018-5-20 13:39:57.00000,4083822.30955,521765.53268,50.60168,510.55100,121.12126,-0.10732,-1.00326,
2018-5-20 13:39:58.00000,4083821.78281,521766.42612,50.60308,511.59682,121.13200,-0.11200,-1.00819,
2018-5-20 13:39:59.00000,4083821.23169,521767.32114,50.61764,512.64352,121.13215,-0.09400,-1.00276,
2018-5-20 13:40:0.00000,4083820.69346,521768.22629,50.62071,513.69881,121.10704,-0.10385,-0.99845,
2018-5-20 13:40:1.00000,4083820.16224,521769.12756,50.63326,514.73874,121.08830,-0.11677,-1.00072,
2018-5-20 13:40:2.00000,4083819.62648,521770.02140,50.62702,515.79193,121.09052,-0.11893,-0.99507,
2018-5-20 13:40:3.00000,4083819.09652,521770.88999,50.62361,516.80619,121.12260,-0.11406,-0.99340,
2018-5-20 13:40:4.00000,4083818.59444,521771.75671,50.61504,517.81300,121.11500,-0.10400,-0.99400,
2018-5-20 13:40:5.00000,4083818.06401,521772.63183,50.63245,518.84462,121.08200,-0.10470,-1.00600,
2018-5-20 13:40:6.00000,4083817.51485,521773.51557,50.62752,519.86457,121.10894,-0.10319,-1.00155,
2018-5-20 13:40:7.00000,4083816.99085,521774.40410,50.63891,520.92013,121.10853,-0.11106,-0.99847,
2018-5-20 13:40:8.00000,4083816.44051,521775.30096,50.62928,521.98000,121.11310,-0.08965,-1.00970,
2018-5-20 13:40:9.00000,4083815.88809,521776.21347,50.61897,523.05402,121.12600,-0.09675,-1.01200,
2018-5-20 13:40:10.00000,4083815.33231,521777.13687,50.63351,524.13025,121.06406,-0.10853,-1.01553,
2018-5-20 13:40:11.00000,4083814.77756,521778.04936,50.63280,525.21234,121.11489,-0.10082,-1.01611,
2018-5-20 13:40:12.00000,4083814.22628,521778.98134,50.64187,526.27736,121.12700,-0.09560,-1.00840,
2018-5-20 13:40:13.00000,4083813.69632,521779.89049,50.63212,527.34261,121.11332,-0.08977,-1.01155,
2018-5-20 13:40:14.00000,4083813.14388,521780.78388,50.63477,528.39239,121.10179,-0.09652,-1.01831,
2018-5-20 13:40:15.00000,4083812.61158,521781.66872,50.62905,529.43233,121.12589,-0.10537,-1.01559,
2018-5-20 13:40:16.00000,4083812.06418,521782.57769,50.63803,530.50305,121.11300,-0.10205,-1.00385,
2018-5-20 13:40:17.00000,4083811.49719,521783.50314,50.62819,531.58415,121.11800,-0.10700,-1.00334,
2018-5-20 13:40:18.00000,4083810.94695,521784.44899,50.63958,532.68319,121.10570,-0.11026,-1.01689,
2018-5-20 13:40:19.00000,4083810.37845,521785.38692,50.64495,533.77322,121.11500,-0.09363,-1.00985,
2018-5-20 13:40:20.00000,4083809.81267,521786.32400,50.62538,534.87691,121.10321,-0.10606,-1.00694,
2018-5-20 13:40:21.00000,4083809.24568,521787.24688,50.64620,535.97132,121.10374,-0.12100,-1.00526,
2018-5-20 13:40:22.00000,4083808.69028,521788.17334,50.61292,537.05521,121.11600,-0.09955,-1.00362,
2018-5-20 13:40:23.00000,4083808.13848,521789.09368,50.63280,538.11883,121.10404,-0.09698,-1.00498,
2018-5-20 13:40:24.00000,4083807.61951,521789.97111,50.61946,539.14487,121.08100,-0.10549,-1.01702,
2018-5-20 13:40:25.00000,4083807.08118,521790.85944,50.64510,540.17804,121.09579,-0.10600,-1.01496,
2018-5-20 13:40:26.00000,4083806.55563,521791.74312,50.64239,541.22000,121.11123,-0.11426,-1.00647,
2018-5-20 13:40:27.00000,4083806.00454,521792.64487,50.64743,542.26385,121.12278,-0.12100,-1.00200,
2018-5-20 13:40:28.00000,4083805.45114,521793.55999,50.63744,543.34947,121.12104,-0.10481,-1.00638,
2018-5-20 13:40:29.00000,4083804.91357,521794.46102,50.61848,544.41368,121.12816,-0.09039,-0.99794,
2018-5-20 13:40:30.00000,4083804.36308,521795.37348,50.62892,545.47556,121.11800,-0.12308,-1.00124,
2018-5-20 13:40:31.00000,4083803.82628,521796.27003,50.63324,546.52087,121.09976,-0.12617,-1.00659,
2018-5-20 13:40:32.00000,4083803.28506,521797.15980,50.63026,547.56521,121.11058,-0.11858,-1.01437,
2018-5-20 13:40:33.00000,4083802.74751,521798.05405,50.62806,548.60800,121.11066,-0.10832,-1.00470,
2018-5-20 13:40:34.00000,4083802.21465,521798.93320,50.62590,549.65000,121.10536,-0.11336,-1.00272,
2018-5-20 13:40:35.00000,4083801.67642,521799.82497,50.62579,550.68526,121.10474,-0.09358,-1.00763,
2018-5-20 13:40:36.00000,4083801.14171,521800.72168,50.61815,551.74440,121.11957,-0.09600,-1.00670,
2018-5-20 13:40:37.00000,4083800.59766,521801.62064,50.63230,552.79100,121.11781,-0.11871,-1.00752,
2018-5-20 13:40:38.00000,4083800.05953,521802.51926,50.63873,553.83591,121.09998,-0.11149,-1.00398,
2018-5-20 13:40:39.00000,4083799.50906,521803.42777,50.64098,554.90600,121.09757,-0.08619,-1.00762,
2018-5-20 13:40:40.00000,4083798.96270,521804.33330,50.63607,555.96300,121.09700,-0.09233,-1.00200,
2018-5-20 13:40:41.00000,4083798.42717,521805.23679,50.64106,557.01504,121.09677,-0.12200,-1.01077,
2018-5-20 13:40:42.00000,4083797.88511,521806.13962,50.64140,558.07766,121.10404,-0.10796,-1.01504,
2018-5-20 13:40:43.00000,4083797.33121,521807.04111,50.64786,559.13093,121.10465,-0.09130,-1.01967,
2018-5-20 13:40:44.00000,4083796.79252,521807.95083,50.63292,560.20902,121.10511,-0.08696,-1.02102,
2018-5-20 13:40:45.00000,4083796.23172,521808.88197,50.64635,561.28616,121.11810,-0.09890,-1.02090,
2018-5-20 13:40:46.00000,4083795.67637,521809.80927,50.64167,562.37285,121.10521,-0.09321,-1.01464,
2018-5-20 13:40:47.00000,4083795.13462,521810.73000,50.63683,563.45767,121.11061,-0.10959,-1.00780,
2018-5-20 13:40:48.00000,4083794.57103,521811.65661,50.63630,564.53840,121.13223,-0.09585,-1.01263,
2018-5-20 13:40:49.00000,4083794.02953,521812.57118,50.63645,565.60685,121.12713,-0.09351,-1.01826,
2018-5-20 13:40:50.00000,4083793.47843,521813.48175,50.62739,566.66500,121.11071,-0.10557,-1.00771,
2018-5-20 13:40:51.00000,4083792.92667,521814.38978,50.62452,567.73034,121.07795,-0.09900,-1.00400,
2018-5-20 13:40:52.00000,4083792.37108,521815.30928,50.63246,568.81164,121.07072,-0.10091,-1.00536,
2018-5-20 13:40:53.00000,4083791.81897,521816.23291,50.64395,569.89694,121.10227,-0.10449,-1.00651,
2018-5-20 13:40:54.00000,4083791.27717,521817.12664,50.62244,570.93962,121.12960,-0.10030,-1.01119,
2018-5-20 13:40:55.00000,4083790.74980,521817.98050,50.61220,571.96364,121.13679,-0.10200,-1.01443,
2018-5-20 13:40:56.00000,4083790.21570,521818.88575,50.62812,573.00340,121.12100,-0.10370,-1.01317,
2018-5-20 13:40:57.00000,4083789.67476,521819.79688,50.62851,574.07121,121.11460,-0.12713,-1.00672,
2018-5-20 13:40:58.00000,4083789.11828,521820.69475,50.62091,575.13210,121.09826,-0.10239,-1.01239,
2018-5-20 13:40:59.00000,4083788.58603,521821.59719,50.62368,576.17624,121.09446,-0.10026,-1.01420,
2018-5-20 13:41:0.00000,4083788.04880,521822.51041,50.61463,577.24024,121.08648,-0.11328,-1.01576,
2018-5-20 13:41:1.00000,4083787.50177,521823.40525,50.64607,578.28706,121.10955,-0.09513,-1.02042,
2018-5-20 13:41:2.00000,4083786.96851,521824.31826,50.62124,579.34255,121.11268,-0.11428,-1.01909,
2018-5-20 13:41:3.00000,4083786.43191,521825.20893,50.61778,580.38987,121.11010,-0.11200,-1.01589,
2018-5-20 13:41:4.00000,4083785.89863,521826.06928,50.62495,581.39506,121.15123,-0.11591,-1.01285,
2018-5-20 13:41:5.00000,4083785.37820,521826.93915,50.62803,582.41868,121.12249,-0.10791,-1.01609,
2018-5-20 13:41:6.00000,4083784.85769,521827.79633,50.63783,583.41919,121.07159,-0.09400,-1.01176,
2018-5-20 13:41:7.00000,4083784.34040,521828.65151,50.62967,584.43219,121.08315,-0.08974,-1.01060,
2018-5-20 13:41:8.00000,4083783.80753,521829.52423,50.63583,585.45581,121.11045,-0.13100,-1.01900,
2018-5-20 13:41:9.00000,4083783.29788,521830.39634,50.61839,586.46870,121.11585,-0.10721,-1.01157,
2018-5-20 13:41:10.00000,4083782.76091,521831.26375,50.63167,587.50032,121.13143,-0.09726,-1.00409,
2018-5-20 13:41:11.00000,4083782.25091,521832.13164,50.61951,588.51100,121.14753,-0.10515,-1.00091,
2018-5-20 13:41:12.00000,4083781.73039,521832.99519,50.63218,589.50525,121.08316,-0.07808,-1.00698,
2018-5-20 13:41:13.00000,4083781.21860,521833.86056,50.61740,590.53100,121.10504,-0.09772,-1.01336,
2018-5-20 13:41:14.00000,4083780.68146,521834.73671,50.62876,591.55526,121.12758,-0.11845,-1.00900,
2018-5-20 13:41:15.00000,4083780.16009,521835.61680,50.63930,592.57385,121.09948,-0.11672,-1.01280,
2018-5-20 13:41:16.00000,4083779.63939,521836.47255,50.63834,593.58211,121.10028,-0.08346,-1.00946,
2018-5-20 13:41:17.00000,4083779.12867,521837.32221,50.63524,594.57493,121.10865,-0.08426,-1.01626,
2018-5-20 13:41:18.00000,4083778.60658,521838.19397,50.64587,595.59526,121.07940,-0.12460,-1.01100,
2018-5-20 13:41:19.00000,4083778.07535,521839.08402,50.65442,596.63160,121.07435,-0.10870,-1.01548,
2018-5-20 13:41:20.00000,4083777.53913,521839.97308,50.65444,597.67176,121.10538,-0.11021,-1.01681,
2018-5-20 13:41:21.00000,4083777.00680,521840.85890,50.64594,598.71138,121.12111,-0.11160,-1.00730,
2018-5-20 13:41:22.00000,4083776.47146,521841.75172,50.63764,599.75203,121.14549,-0.10275,-1.01376,
2018-5-20 13:41:23.00000,4083775.92779,521842.63714,50.63925,600.79489,121.10464,-0.10428,-1.01636,
2018-5-20 13:41:24.00000,4083775.40197,521843.52905,50.65725,601.83327,121.11315,-0.11956,-1.01285,
2018-5-20 13:41:25.00000,4083774.87987,521844.39645,50.64405,602.84400,121.10030,-0.12657,-0.99315,
2018-5-20 13:41:26.00000,4083774.35078,521845.27234,50.64936,603.87902,121.11151,-0.11523,-1.00236,
2018-5-20 13:41:27.00000,4083773.81585,521846.17208,50.64404,604.92260,121.10374,-0.09537,-1.00189,
2018-5-20 13:41:28.00000,4083773.28113,521847.05896,50.63973,605.96276,121.10659,-0.09559,-0.99539,
2018-5-20 13:41:29.00000,4083772.74994,521847.93763,50.64334,607.00215,121.10657,-0.10043,-1.00900,
2018-5-20 13:41:30.00000,4083772.21861,521848.83114,50.64804,608.03221,121.05183,-0.11611,-1.00200,
2018-5-20 13:41:31.00000,4083771.67645,521849.72299,50.64532,609.08680,121.10774,-0.11404,-1.00298,
2018-5-20 13:41:32.00000,4083771.13791,521850.61623,50.65763,610.12850,121.11350,-0.09250,-1.01100,
2018-5-20 13:41:33.00000,4083770.59032,521851.51025,50.65400,611.17968,121.12009,-0.11891,-1.00891,
2018-5-20 13:41:34.00000,4083770.04290,521852.43125,50.65090,612.22800,121.10423,-0.11500,-1.00903,
2018-5-20 13:41:35.00000,4083769.50168,521853.34074,50.65382,613.32500,121.12900,-0.12433,-1.00900,
2018-5-20 13:41:36.00000,4083768.95606,521854.24476,50.65244,614.38147,121.09596,-0.11919,-0.99857,
2018-5-20 13:41:37.00000,4083768.41490,521855.14874,50.65027,615.44817,121.08955,-0.10798,-1.00245,
2018-5-20 13:41:38.00000,4083767.87452,521856.04891,50.66487,616.48352,121.10038,-0.08710,-1.00429,
2018-5-20 13:41:39.00000,4083767.33534,521856.94008,50.67019,617.53957,121.10300,-0.12328,-1.00828,
2018-5-20 13:41:40.00000,4083766.80085,521857.83985,50.66379,618.60353,121.10100,-0.11753,-1.01579,
2018-5-20 13:41:41.00000,4083766.25534,521858.73094,50.66771,619.63611,121.10945,-0.09519,-1.01300,
2018-5-20 13:41:42.00000,4083765.73891,521859.59027,50.65376,620.63300,121.10002,-0.09032,-1.01866,
2018-5-20 13:41:43.00000,4083765.25455,521860.40740,50.64857,621.59047,121.10463,-0.08737,-1.01784,
2018-5-20 13:41:44.00000,4083764.75605,521861.23479,50.66510,622.55941,121.11865,-0.09341,-1.02517,
2018-5-20 13:41:45.00000,4083764.26615,521862.04691,50.67212,623.50487,121.09708,-0.09376,-1.01484,
2018-5-20 13:41:46.00000,4083763.76727,521862.84084,50.65856,624.43849,121.10449,-0.11298,-1.01447,
2018-5-20 13:41:47.00000,4083763.31579,521863.62566,50.64694,625.34466,121.09519,-0.10557,-1.01762,
2018-5-20 13:41:48.00000,4083762.87138,521864.37545,50.65043,626.20776,121.10567,-0.09978,-1.01478,
2018-5-20 13:41:49.00000,4083762.45438,521865.06872,50.67369,627.01200,121.10826,-0.08500,-1.01677,
2018-5-20 13:41:50.00000,4083762.05925,521865.72164,50.67966,627.75561,121.08913,-0.08522,-1.01304,
2018-5-20 13:41:51.00000,4083761.72562,521866.28966,50.66869,628.40200,121.10800,-0.10000,-1.00655,
2018-5-20 13:41:52.00000,4083761.44299,521866.76718,50.67092,628.95468,121.10900,-0.10902,-0.99802,
2018-5-20 13:41:53.00000,4083761.19185,521867.14027,50.67832,629.39157,121.10528,-0.11228,-1.00500,
2018-5-20 13:41:54.00000,4083761.03203,521867.39790,50.68442,629.66528,121.10100,-0.10791,-1.00309,
2018-5-20 13:41:55.00000,4083760.96169,521867.55312,50.65923,629.83700,121.09521,-0.09921,-1.00043,
2018-5-20 13:41:56.00000,4083760.90422,521867.64139,50.65531,629.93100,121.09394,-0.09949,-1.00100,
2018-5-20 13:41:57.00000,4083760.90084,521867.65541,50.66137,629.94700,121.09300,-0.09800,-1.00100,
2018-5-20 13:41:58.00000,4083760.89479,521867.66399,50.67013,629.94700,121.09200,-0.09800,-1.00100,
2018-5-20 13:41:59.00000,4083760.89463,521867.66020,50.66433,629.94700,121.09100,-0.09900,-1.00000,
2018-5-20 13:42:0.00000,4083760.90017,521867.66134,50.66344,629.94700,121.09100,-0.09900,-1.00000,
2018-5-20 13:42:1.00000,4083760.90141,521867.66183,50.65746,629.94700,121.09100,-0.09900,-1.00000,
2018-5-20 13:42:2.00000,4083760.89265,521867.65972,50.66763,629.94700,121.09100,-0.09900,-1.00000,
2018-5-20 13:42:3.00000,4083760.89560,521867.65709,50.66936,629.94700,121.09100,-0.09900,-1.00000,
2018-5-20 13:42:4.00000,4083760.89440,521867.66242,50.66480,629.94700,121.09100,-0.09900,-1.00000,
2018-5-20 13:42:5.00000,4083760.88754,521867.66247,50.67929,629.94700,121.09100,-0.09900,-1.00000,
2018-5-20 13:42:6.00000,4083760.89211,521867.66000,50.67552,629.94700,121.09100,-0.09900,-1.00000,
2018-5-20 13:42:7.00000,4083760.89580,521867.65547,50.67141,629.94700,121.09100,-0.09900,-1.00000,
2018-5-20 13:42:8.00000,4083760.88848,521867.65765,50.67618,629.94700,121.09100,-0.09900,-1.00000,
2018-5-20 13:42:9.00000,4083760.88960,521867.66288,50.67671,629.94700,121.09100,-0.09900,-1.00000,
2018-5-20 13:42:10.00000,4083760.88764,521867.66259,50.67831,629.94700,121.09100,-0.09900,-1.00000,
2018-5-20 13:42:11.00000,4083760.89570,521867.66286,50.67290,629.94700,121.09100,-0.09900,-1.00000,
2018-5-20 13:42:12.00000,4083760.88825,521867.66570,50.67418,629.94700,121.09100,-0.09900,-1.00000,
2018-5-20 13:42:13.00000,4083760.89590,521867.65769,50.65663,629.94700,121.09100,-0.09900,-1.00000,
2018-5-20 13:42:14.00000,4083760.89746,521867.65925,50.66838,629.94700,121.09100,-0.09900,-1.00000,
2018-5-20 13:42:15.00000,4083760.89641,521867.66847,50.68830,629.94700,121.09100,-0.09900,-1.00000,
2018-5-20 13:42:16.00000,4083760.89256,521867.66893,50.68727,629.94700,121.09100,-0.09900,-1.00000,
2018-5-20 13:42:17.00000,4083760.89832,521867.66340,50.67807,629.94700,121.09000,-0.09900,-1.00000,
2018-5-20 13:42:18.00000,4083760.89574,521867.66499,50.68218,629.94700,121.09000,-0.09900,-1.00000,
2018-5-20 13:42:19.00000,4083760.89206,521867.66419,50.68342,629.94700,121.09100,-0.09900,-1.00000,
2018-5-20 13:42:20.00000,4083760.88970,521867.66419,50.68690,629.94700,121.09052,-0.09900,-1.00000,
2018-5-20 13:42:21.00000,4083760.89287,521867.66743,50.68835,629.94700,121.09000,-0.09900,-1.00000,
2018-5-20 13:42:22.00000,4083760.88690,521867.66889,50.68682,629.94700,121.09000,-0.09900,-1.00000,
2018-5-20 13:42:23.00000,4083760.88116,521867.67021,50.69264,629.94700,121.09000,-0.09900,-1.00000,
2018-5-20 13:42:24.00000,4083760.88972,521867.67240,50.69657,629.94700,121.09100,-0.09900,-1.00000,
2018-5-20 13:42:25.00000,4083760.88787,521867.67172,50.69387,629.94700,121.09100,-0.09900,-1.00000,
2018-5-20 13:42:26.00000,4083760.88128,521867.67119,50.69282,629.94700,121.09000,-0.09900,-1.00000,
2018-5-20 13:42:27.00000,4083760.88631,521867.66740,50.68510,629.94700,121.09000,-0.09900,-1.00000,
2018-5-20 13:42:28.00000,4083760.88394,521867.66722,50.69059,629.94700,121.09000,-0.09900,-1.00000,
2018-5-20 13:42:29.00000,4083760.88173,521867.66837,50.69154,629.94700,121.09000,-0.09900,-1.00000,
2018-5-20 13:42:30.00000,4083760.88517,521867.67022,50.67563,629.94700,121.09000,-0.09900,-1.00000,
2018-5-20 13:42:31.00000,4083760.88673,521867.66868,50.68954,629.94700,121.09000,-0.09900,-1.00000,
2018-5-20 13:42:32.00000,4083760.88332,521867.66957,50.69625,629.94700,121.09000,-0.09900,-1.00000,
2018-5-20 13:42:33.00000,4083760.88192,521867.66888,50.68762,629.94700,121.09000,-0.09900,-1.00000,
2018-5-20 13:42:34.00000,4083760.88446,521867.66896,50.68590,629.94700,121.09000,-0.09900,-1.00000,
2018-5-20 13:42:35.00000,4083760.88766,521867.67188,50.69098,629.94700,121.09000,-0.09900,-1.00000,
2018-5-20 13:42:36.00000,4083760.88296,521867.67367,50.69675,629.94700,121.09000,-0.09900,-1.00000,
2018-5-20 13:42:37.00000,4083760.87880,521867.66849,50.68828,629.94700,121.09000,-0.09900,-1.00000,
2018-5-20 13:42:38.00000,4083760.87795,521867.67155,50.69425,629.94700,121.09000,-0.09900,-1.00000,
2018-5-20 13:53:20.00000,4083760.87003,521867.63935,50.58175,629.94700,121.09002,-0.09900,-1.00000,
